Workout Title,Category,Routine Link,Tables,Summary
12 Week Fat Destroyer: Complete Fat Loss Workout & Diet Program,https://www.muscleandstrength.com/workouts/fat-loss,https://www.muscleandstrength.com/workouts/12-week-fat-destroyer,"[{'title': 'Upper A', 'content': [[], ['Incline Bench Press', '3', '8-10'], ['One Arm Dumbbell Row', '3', '10-12'], ['Seated Barbell Press', '3', '8-10'], ['Pull Ups', '3', '10'], ['Skullcrushers', '3', '10-12'], ['Dumbbell Curl', '3', '10-12']]}, {'title': 'Lower A', 'content': [[], ['Squats', '3', '8-10'], ['Leg Curl', '3', '12-15'], ['Leg Extension', '3', '12-15'], ['Leg Press Calf Raise', '3', '15-20'], ['Plank', '3', '60 sec'], ['Twisting Hanging Knee Raise', '3', '20']]}, {'title': 'Upper B', 'content': [[], ['Dumbbell Bench Press', '3', '10'], ['Barbell Row', '3', '8-10'], ['Dumbbell Lateral Raise', '3', '12-15'], ['Lat Pull Down', '3', '10-12'], ['Cable Tricep Extensions', '3', '10-12'], ['EZ Bar Preacher Curl', '3', '10-12']]}, {'title': 'Lower B', 'content': [[], ['Leg Press', '3', '15-20'], ['Stiff Leg Deadlift', '3', '8-10'], ['Walking Dumbbell Lunge', '3', '10'], ['Seated Calf Raise', '3', '15-20'], ['Cable Crunch', '3', '20'], ['Russian Twist', '3', '20']]}]","{'Main Goal': 'Lose Fat', 'Workout Type': 'Full Body', 'Training Level': 'Beginner', 'Program Duration': '12 weeks', 'Days Per Week': '4', 'Time Per Workout': '30-45 minutes', 'Equipment Required': 'Barbell, Bodyweight, Cables, Dumbbells, Kettle Bells', 'Target Gender': 'Male & Female', 'Recommended Supps': 'Fat Burner\nWhey Protein\nBCAA Intra-Workout\nFish Oil (EFAs)\nCreatine Monohydrate', 'Workout PDF': 'Download Workout'}"
Spring Shred: 8 Week Fat Loss Workout Plan,https://www.muscleandstrength.com/workouts/fat-loss,https://www.muscleandstrength.com/workouts/8-week-spring-shred-program,"[{'title': 'Day 1: Chest & Abs', 'content': [[], ['1. Incline Barbell Bench Press', '2x8-10', '3x10', '2-3 forced reps'], ['2. Dumbbell Fly', '1x10', '3x10-12', 'Drop sets'], ['3. Weighted Dip', '1x10', '3x10-12', 'Rest-pause'], ['4. Pec-Deck', '1x10', '3x12', 'Holds on last rep'], ['5a. Cable Crossover', '-', '3x12', 'Superset'], ['5b. Pushup', '-', '3x12', '-'], ['6. Hanging Leg Raise', '-', '3x12', 'Holds on last rep'], ['7a. Decline Situp', '-', '3x15', 'Superset'], ['7b. Side Bends', '-', '3x15', '-'], ['8. Plank', '-', '3xfailure', '-'], ['9. Rope Crunch', '-', '3x15', 'Drop sets']]}, {'title': 'Day 2: Back', 'content': [[], ['1. Neutral Grip Pullups', '2x8-10', '3xfailure', 'Rest-pause'], ['2. Bent Over Barbell Row', '1x10', '3x10-12', 'Holds on last rep'], ['3a. Reverse Grip Pulldown', '1x10', '3x8-10', 'Superset'], ['3b. Straight Arm Pulldown', '1x10', '3x8-10', '-'], ['4. Wide Grip Seated Row', '1x10', '3x12', '2-3 forced reps'], ['5. Rack Deadlift', '1x10', '3x15', 'Drop sets']]}, {'title': 'Day 3: Shoulders', 'content': [[], ['1a. Upright Row', '1x10', '3x10', 'Superset'], ['1b. Seated Lateral Raise', '1x10', '3x10', '-'], ['2. Seated Smith Machine Shoulder Press', '1x10', '3x10-12', 'Drop sets'], ['3. Front Plate Raise', '1x10', '3x12', '2-3 forced reps'], ['4. High Rope Face Pull', '1x10', '3x12', 'Rest-pause']]}, {'title': 'Day 4: Arms', 'content': [[], ['1. EZ Bar Preacher Curl', '1x10', '3x10-12', '2-3 forced reps'], ['2. Close Grip Bench Press', '1x10', '3x10-12', 'Rest-pause'], ['3. Hammer Curl', '1x10', '3x12', 'Drop sets'], ['4. Overhead Rope Extension', '1x10', '3x12', 'Holds on last rep'], ['5a. Standing Cable Curl', '1x10', '3x15', 'Superset'], ['5b. Reverse Grip Pushdown', '1x10', '3x15', '-']]}, {'title': 'Day 5: Legs', 'content': [[], ['1. Squat', '1x10', '3x8-10', 'Rest-pause'], ['2. Leg Press', '1x15', '3x15', 'Drop sets'], ['3. Single Leg Extension', '1x15', '3x15', 'Holds on last rep'], ['4a. Stiff-Legged Deadlift', '1x15', '3x15', 'Superset'], ['4b. Seated Leg Curl', '1x15', '3x15', '-'], ['5. Lying Leg Curl', '1x15', '3x15', 'Forced reps'], ['6a. Standing Calf Raise', '1x20', '3x20', 'Superset'], ['6b. Seated Calf Raise', '1x20', '3x20', '-']]}]","{'Main Goal': 'Lose Fat', 'Workout Type': 'Split', 'Training Level': 'Advanced', 'Program Duration': '8 weeks', 'Days Per Week': '5', 'Time Per Workout': '45-60 minutes', 'Equipment Required': 'Barbell, Bodyweight, Cables, Dumbbells, EZ Bar, Machines', 'Target Gender': 'Male & Female', 'Recommended Supps': 'Protein Powder\nFish Oil\nMultivitamin\nFat Burner (Optional)\nPre-Workout (Optional)', 'Workout PDF': 'Download Workout'}"
Muscle & Strength’s 10 Week Women’s Fat Loss Workout,https://www.muscleandstrength.com/workouts/fat-loss,https://www.muscleandstrength.com/workouts/muscle-and-strength-womens-fat-loss-workout,"[{'title': 'Day 1: Upper Body Focus', 'content': [[], ['1. Pull Down', '3', '12'], ['2. Dumbbell Incline Bench Press', '3', '12'], ['3. Cable Lateral Raise', '3', '15'], ['4. Seated Cable Row', '3', '12'], ['5. Dumbbell Curls', '2', '12'], ['6. Tricep Overhead Extension', '2', '12'], ['7. Machine Curl', '2', '12'], ['8. Rope Pressdown', '2', '12']]}, {'title': 'Day 2: Lower Body Focus', 'content': [[], ['1. Barbell Squat', '3', '12'], ['2. Romanian Deadlift', '4', '10'], ['3. Walking Lunge', '3', '15 Each'], ['4. Bodyweight Curtsey Lunge', '3', '12 Each'], ['5. Glute Kick Back', '3', '15 Each']]}, {'title': 'Day 3: Cardio, Abs, & Glutes', 'content': [[], ['Plank', '3', '30 Secs'], ['Bodyweight Glute Bridge', '3', '15'], ['Ab Crunch', '3', '20'], ['Glute Kick Back', '3', '12'], ['Mountain Climbers', '3', '12 Each'], ['Side Lying Clams', '3', '12 Each'], ['Oblique Crunch', '3', '12 Each']]}, {'title': 'Day 4: Upper Body Focused', 'content': [[], ['1. Dumbbell Row', '4', '12'], ['2. Seated Shoulder Press', '3', '12'], ['3. Cable Face Pull', '3', '12'], ['4. Dumbbell Bench Press', '3', '12'], ['5. Close Grip Pull Down', '3', '15'], ['6. Seated Curls', '3', '12'], ['7. Lying Tricep Extensions', '3', '12']]}, {'title': 'Day 5: Lower Body Focus', 'content': [[], ['1. Reverse Hack Squats', '3', '12'], ['2. Leg Press', '3', '12'], ['3. Leg Extension', '3', '15'], ['4. Leg Curls', '3', '15'], ['5. Standing Calf Raises', '3', '25']]}, {'title': 'Weekends: Cardio, Abs, & Glutes', 'content': [[], ['Plank', '3', '30 Secs'], ['Bodyweight Glute Bridge', '3', '15'], ['Ab Crunch', '3', '20'], ['Glute Kick Back', '3', '12'], ['Mountain Climbers', '3', '12 Each'], ['Side Lying Clams', '3', '12 Each'], ['Oblique Crunch', '3', '12 Each']]}]","{'Main Goal': 'Lose Fat', 'Workout Type': 'Split', 'Training Level': 'Intermediate', 'Program Duration': '10 weeks', 'Days Per Week': '7', 'Time Per Workout': '60-75 minutes', 'Equipment Required': 'Barbell, Bodyweight, Cables, Dumbbells, Machines', 'Target Gender': 'Female', 'Recommended Supps': ""Whey Protein Isolate\nWomen's Multi\nFish Oil\nFat Burner (optional)"", 'Workout PDF': 'Download Workout'}"
Doug's 6 Day Cutting Routine,https://www.muscleandstrength.com/workouts/fat-loss,https://www.muscleandstrength.com/workouts/26-doug--s-6-day-cutting-routine.html,"[{'title': 'Workout A - Chest and Triceps', 'content': [[], ['Incline Dumbbell Press', '4', '12-15'], ['Flat Dumbbell Press', '3', '12'], ['Incline Flys', '3', '12'], ['Pec Deck', '3', '12'], ['Skull Crushers', '4', '12-15'], ['Rope Extensions', '3', '12'], ['Straight Bar Pushdowns', '3', '12'], ['Rope Crunch', '4', '20-25'], ['Hanging Knee Raise', '4', '20-25']]}, {'title': 'Workout A - Back and Biceps', 'content': [[], ['Wide Grip Chins', '4', '12-15'], ['Wide Grip Rows', '3', '12'], ['Narrow Grip Pulldown', '4', '12-15'], ['Hyper Extensions', '3', '12'], ['Concentration Curls', '4', '12-15'], ['EZ Bar Curl', '3', '12']]}, {'title': 'Workout A - Legs and Shoulders', 'content': [[], ['Squats', '4', '12-15'], ['Leg Extensions', '3', '12'], ['Leg Curl', '4', '12-15'], ['Stiff Leg Deadlifts', '3', '12'], ['Seated Calf Raise', '3', '12'], ['Dumbbell Shoulders Press', '4', '12-15'], ['Cable Lateral Raise', '3', '12'], ['Reverse Cable Fly', '3', '12'], ['Smith Machine Shrugs', '4', '12-15'], ['Rope Crunch', '4', '20-25'], ['Hanging Knee Raise', '4', '20-25']]}, {'title': 'Workout B - Chest and Triceps', 'content': [[], ['Incline Barbell Press', '4', '12-15'], ['Flat Barbell Press', '3', '12'], ['Flat Flys', '3', '12'], ['Cable Crossovers', '3', '12'], ['Reverse Grip Pushdown', '4', '12-15'], ['Dumbbell Kickbacks', '3', '12'], ['Dumbbell Extension', '3', '12'], ['Weighted Incline Crunches', '4', '20-25'], ['Hip Thrusts', '4', '20-25']]}, {'title': 'Workout B - Back and Biceps', 'content': [[], ['Wide Grip Pulldowns', '4', '12-15'], ['Bent Over Dumbbell Rows', '3', '12'], ['Good Mornings', '3', '12'], ['One Arm Dumbbell Row', '3', '12'], ['Preacher Curl', '4', '12-15'], ['Dumbbell Curl', '3', '12']]}, {'title': 'Workout B - Legs and Shoulders', 'content': [[], ['Leg Press', '4', '12-15'], ['Lunges', '3', '12'], ['Leg Curl', '4', '12-15'], ['Straight Leg Deadlifts', '3', '12'], ['Standing Calf Raises', '3', '12-15'], ['Smith Machine Press', '4', '12-15'], ['Dumbbell Lateral Raises', '3', '12'], ['Dumbbell Rear Delt Flys', '3', '12'], ['Upright Rows', '3', '12'], ['Weighted Incline Crunches', '4', '20-25'], ['Hip Thrusts', '4', '20-25']]}]","{'Main Goal': 'Lose Fat', 'Workout Type': 'Split', 'Training Level': 'Advanced', 'Program Duration': '6 weeks', 'Days Per Week': '6', 'Time Per Workout': '60-75 minutes', 'Equipment Required': 'Barbell, Bodyweight, Cables, Dumbbells, EZ Bar, Machines', 'Target Gender': 'Male & Female', 'Recommended Supps': 'Protein Powder\nMeal Replacement\nMultivitamin\nFish Oil\nFat Burner (Optional)', 'Workout PDF': 'Download Workout'}"
Fat Blaster: 6 Day Weight/Cardio Cutting Workout,https://www.muscleandstrength.com/workouts/fat-loss,https://www.muscleandstrength.com/workouts/20-6-day-weight-cardio-cutting-workout.html,"[{'title': 'Monday - Chest and Triceps', 'content': [[], ['Dumbbell Bench Press*', '4', '8, 8, 6, 6'], ['Incline Bench Press*', '4', '8, 8, 6, 6'], ['Cable Crossovers', '4', '8'], ['Close Grip Bench Press', '3', '8'], ['Lying Tricep Extension', '3', '8'], ['Rope Pulldowns', '3', '8']]}, {'title': 'Wednesday - Back and Biceps', 'content': [[], ['Wide Grip Pull Up*', '4', '8 (slow)'], ['Close Grip Pull Down', '4', '8, 8, 6, 6'], ['Cable Row', '4', '8'], ['Barbell Curl', '3', '8, 8, 6'], ['Incline Bench Dumbbell Curl', '3', '8'], ['Dumbbell Preacher Curl', '3', '8']]}, {'title': 'Friday - Legs and Shoulders', 'content': [[], ['Squat', '4', '8'], ['Stiff Legged Deadlift', '3', '8'], ['Leg Curl', '3', '8, 8, 6'], ['Leg Extension', '3', '8, 8, 6'], ['Standing Calf Raise', '4', '15, 12, 10, 8'], ['Military Press', '4', '8, 8, 6, 6'], ['Dumbbell Lateral Raise', '3', '8'], ['Bent Over Rev Fly', '3', '8']]}]","{'Main Goal': 'Lose Fat', 'Workout Type': 'Split', 'Training Level': 'Intermediate', 'Program Duration': '10 weeks', 'Days Per Week': '6', 'Time Per Workout': '30-45 minutes', 'Equipment Required': 'Barbell, Bodyweight, Cables, Dumbbells, EZ Bar', 'Target Gender': 'Male & Female', 'Recommended Supps': 'Whey Protein Isolate\nFat Burner\nCLA\nFish Oil', 'Workout PDF': 'Download Workout'}"
4 Day Dumbbell and Bodyweight Fat Loss Workout,https://www.muscleandstrength.com/workouts/fat-loss,https://www.muscleandstrength.com/workouts/single-pair-dumbbell-bodyweight-workout,"[{'title': 'Pull Day Workout', 'content': [[], ['One Arm Row', '5', '30, 25, 20, 15, 10'], ['Bent-Over Rear Lateral Raise', '3', '30, 20, 10'], ['One Arm Upright Row', '3', '30, 20, 10'], ['Seated Dumbbell Curl', '3', '20, 20, 20'], ['Hammer Curl', '3', '20, 20, 20'], ['Single Arm Dumbbell Shrug', '3', '30, 30, 30']]}, {'title': 'Legs and Abs Workout', 'content': [[], ['Split Squat', '3', '30, 20, 10'], ['Single Stiff-Leg Deadlift', '3', '30, 20, 10'], ['Walking Lunge', '3', '30, 20, 10'], ['Seated Calf Raise', '3', '30, 30, 30'], ['Weighted Crunch', '3', '20, 20, 20'], ['Superman', '3', '30 seconds']]}, {'title': 'Push Day Workout', 'content': [[], ['Floor Dumbbell Press', '5', '30, 25, 20, 15, 10'], ['Floor Dumbbell Fly', '3', '30, 20, 10'], ['Lateral Raise', '3', '30, 20, 10'], ['One Arm Overhead Extension', '3', '20, 20, 20'], ['One Arm Kickback', '3', '20, 20, 20'], ['Close Grip Push Up', '3', '20, 20, 20']]}, {'title': 'Full-Body Workout', 'content': [[], ['Dumbbell Standing Calf Raise', '1', '60 seconds', '60 seconds'], ['Stiff-Leg Deadlift', '1', '30 seconds', '30 seconds'], ['Bodyweight Squat Jumps', '1', '60 seconds', '60 seconds'], ['Lying Leg Raise', '1', '30 seconds', '30 seconds'], ['Plank', '1', '60 seconds', '60 seconds'], ['Dumbbell Pullover', '1', '30 seconds', '30 seconds'], ['Push Up', '1', '60 seconds', '60 seconds'], ['Arnold Press', '1', '30 seconds', '30 seconds'], ['Dumbbell Curl', '1', '60 seconds', '60 seconds']]}]","{'Main Goal': 'Lose Fat', 'Workout Type': 'Split', 'Training Level': 'Beginner', 'Program Duration': '6 weeks', 'Days Per Week': '4', 'Time Per Workout': '30-60 minutes', 'Equipment Required': 'Bodyweight', 'Target Gender': 'Male & Female', 'Recommended Supps': ""Protein Powder\nBCAA's\nFish Oil"", 'Workout PDF': 'Download Workout'}"
Fast & Furious: 21 Day Shredding Workout Cycle And Diet,https://www.muscleandstrength.com/workouts/fat-loss,https://www.muscleandstrength.com/workouts/fast-furious-21-day-shredding-workout-diet,"[{'title': 'Workout A - Upper Body', 'content': [[], ['Dumbbell Bench Press', '8', '8'], ['Seated Cable Row', '8', '8'], ['Machine Overhead Press', '8', '8'], ['Cable Curl', '6', '8'], ['Skullcrushers', '6', '8']]}, {'title': 'Workout B - Upper Body', 'content': [[], ['Machine Chest Press', '8', '8'], ['Lat Pull Down', '8', '8'], ['Seated Overhead Dumbbell Press', '8', '8'], ['EZ Bar Curl', '6', '8'], ['Cable Tricep Extensions', '6', '8']]}, {'title': 'Workout A - Lower Body', 'content': [[], ['Leg Press', '8', '8'], ['Leg Curl', '8', '8'], ['Leg Extension', '6', '8'], ['Seated Calf Raise', '8', '8'], ['Planks', '6', '30 sec']]}, {'title': 'Workout B - Lower Body', 'content': [[], ['Hack Squat', '8', '8'], ['Dumbbell Stiff Leg Deadlift', '8', '8'], ['Goblet Squat', '6', '8'], ['Leg Press Calf Press', '8', '8'], ['Hanging Knee Raise', '6', '15']]}, {'title': 'Cardio Workout ', 'content': [[], ['Push Ups', '10'], ['Jumping Jacks', '20'], ['Burpees', '10'], ['Treadmill walking - slow & steady pace', '30 seconds'], ['Lying Floor Knee Raise', '20'], ['Jump Squats', '10'], ['Mountain Climbers', '20 each leg'], ['Treadmill walking - slow & steady pace', '30 seconds']]}]","{'Main Goal': 'Lose Fat', 'Workout Type': 'Split', 'Training Level': 'Intermediate', 'Program Duration': '3 weeks', 'Days Per Week': '4', 'Time Per Workout': '45-60 minutes', 'Equipment Required': 'Barbell, Bodyweight, Cables, Dumbbells, EZ Bar, Machines', 'Target Gender': 'Male & Female', 'Recommended Supps': 'Pre-Workout\nWhey Protein\nCasein Protein\nFat Burner (optional)', 'Workout PDF': 'Download Workout'}"
The Fat Incinerator: 8 Week Fat Burning Workout,https://www.muscleandstrength.com/workouts/fat-loss,https://www.muscleandstrength.com/workouts/8-week-fat-incinerator-workout,"[{'title': 'Day 1: Fat Loss Push Workout', 'content': [[], ['Dumbbell Bench Press', '4', '8-12'], ['Standing Cable Fly', '3', '12-15'], ['Incline Bench Press', '4', '6-8'], ['Overhead Press', '4', '8-12'], ['Lateral Raise', '3', '12-15'], ['French Press', '3', '10-12'], ['Skullcrusher', '3', '12-15'], ['Exercise Ball Crunch', '4', '20-25'], ['Hanging Leg Raise', '4', '10-15']]}, {'title': 'Day 2: Fat Loss Pull Workout', 'content': [[], ['Lat Pull Down', '4', '10-12'], ['T-Bar Row', '4', '10-12'], ['One Arm Dumbbell Row', '4', '10'], ['Close Grip Pull Down', '3', '12-15'], ['Face Pull', '3', '15-20'], ['Cable Curl', '3', '10-12'], ['Hammer Curl', '3', '12-15'], ['Machine Crunch', '3', '15-20'], ['Machine Oblique Crunch', '3', '12-15 Each']]}, {'title': 'Day 3: Fat Loss Leg Workout', 'content': [[], ['Squat or Trap Bar Deadlift', '5', '8-12'], ['Leg Press', '4', '15'], ['Rear Lunge', '3', '12-15'], ['Goblet Squat', '3', '10-12'], ['Leg Curl', '3', '10-15'], ['Seated Calf Raise', '3', '20-25'], ['Standing Calf Raise', '3', '15-20'], ['Plank', '3', '1 Min'], ['Barbell Rollout', '3', '8']]}]","{'Main Goal': 'Lose Fat', 'Workout Type': 'Split', 'Training Level': 'Intermediate', 'Program Duration': '8 weeks', 'Days Per Week': '5', 'Time Per Workout': '60-90 minutes', 'Equipment Required': 'Barbell, Cables, Dumbbells, EZ Bar, Medicine Ball', 'Target Gender': 'Male & Female', 'Recommended Supps': 'Protein Powder\nVitamin D\nZMA', 'Workout PDF': 'Download Workout'}"
3 Day Full Body Toning Workout for Women,https://www.muscleandstrength.com/workouts/fat-loss,https://www.muscleandstrength.com/workouts/3-day-whole-body-toning-workout.html,"[{'title': 'Full Body Toning Workout 1', 'content': [[], ['45 Degree Leg Press', '3', '20'], ['Seated Row', '3', '20'], ['Chest Dip', '2', '15-20'], ['Machine Shoulder Press', '2', '20'], ['Cable Curl', '2', '20'], ['Tricep Extension', '2', '20'], ['Plank', '3', '1 minute']]}, {'title': 'Full Body Toning Workout 2', 'content': [[], ['Smith Machine Squat', '3', '20'], ['Seated calf Raise', '2', '25'], ['Lat Pull Down', '3', '20'], ['Dumbbell Flys', '3', '20'], ['Tricep Kickback', '2', '20'], ['Standing Dumbbell Curl', '2', '20'], ['Decline Sit Ups', '2', 'MAX']]}, {'title': 'Full Body Toning Workout 3', 'content': [[], ['Dumbbell Lunge', '4', '10 each leg'], ['Wide Grip Pull Up', '3', 'MAX'], ['Barbell Bench Press', '3', '15-20'], ['Standing Barbell Curl', '3', '15-20'], ['Tricep Bench Dip', '3', '15'], ['Horizontal Leg Raise', '2', 'MAX']]}]","{'Main Goal': 'Build Muscle', 'Workout Type': 'Full Body', 'Training Level': 'Intermediate', 'Program Duration': '4 weeks', 'Days Per Week': '3', 'Time Per Workout': '30 minutes', 'Equipment Required': 'Barbell, Bodyweight, Cables, Dumbbells, Machines', 'Target Gender': 'Male & Female', 'Recommended Supps': 'Protein Powder\nMultivitamin\nFish Oil', 'Workout PDF': 'Download Workout'}"
Doug's 5 Day High Definition Routine,https://www.muscleandstrength.com/workouts/fat-loss,https://www.muscleandstrength.com/workouts/24-doug---s-5-day-high-definition-routine.html,"[{'title': 'Monday - Arms', 'content': [[], ['Barbell Curl', '4', '20, 15, 12, 10'], ['Dumbbell Curl', '3', '15, 12, 10'], ['Concentration Curl', '3', '15, 12, 10'], ['Lying Tricep Extension', '4', '15, 12, 10, 10'], ['Rope Pushdown', '3', '15, 12, 10'], ['Dumbbell Extension', '3', '15, 12, 10']]}, {'title': 'Tuesday - Legs', 'content': [[], ['Squats', '4', '20, 15, 12, 10'], ['Leg Press', '3', '15, 12, 10'], ['Leg Extension', '3', '20, 15, 12'], ['Leg Curl', '4', '20, 15, 12, 10'], ['Straight Leg Deadlifts', '3', '15, 12, 10'], ['Seated Calf Raise', '3', '15, 12, 10'], ['Standing Calf Raise', '3', '20, 15, 12']]}, {'title': 'Wednesday - Chest', 'content': [[], ['Incline Dumbbell Press', '4', '15, 12, 12, 10'], ['Flat Dumbbell Press', '3', '15, 12, 10'], ['Decline Dumbbell Press', '3', '15, 12, 10'], ['Cable Crossovers', '2', '12'], ['Incline Flys', '2', '12']]}, {'title': 'Thursday - Back', 'content': [[], ['Smith Machine Barbell Row', '4', '15, 12, 10, 10'], ['Bent Over Dumbbell Rows', '3', '15, 12, 10'], ['Wide Grip Pulldown', '3', '15, 12, 10'], ['Seated Rowing', '3', '15, 12, 10'], ['Hyper-Extension', '4', '15, 12, 10, 10']]}, {'title': 'Friday - Shoulders', 'content': [[], ['Dumbbell Press', '4', '15, 12, 10, 10'], ['Side Lateral Raises', '3', '15, 12, 10'], ['Dumbbell Rear Delt Fly', '3', '15, 12, 10'], ['Dumbbell Shrugs', '3', '15, 12, 10']]}]","{'Main Goal': 'Lose Fat', 'Workout Type': 'Split', 'Training Level': 'Intermediate', 'Program Duration': '12 weeks', 'Days Per Week': '5', 'Time Per Workout': '30-45 minutes', 'Equipment Required': 'Barbell, Bodyweight, Cables, Dumbbells, Machines', 'Target Gender': 'Male', 'Recommended Supps': 'Whey Protein\nBCAA Powder\nEssential Fats (EFAs)\nGreen Tea Extract', 'Workout PDF': 'Download Workout'}"
Body Fat Demolition: 8 Week Workout to Destroy Body Fat,https://www.muscleandstrength.com/workouts/fat-loss,https://www.muscleandstrength.com/workouts/8-week-body-fat-demolition-workout,"[{'title': 'Monday: Upper Body Workout', 'content': [[], ['Single Arm Dumbbell Row', '4', '6-8 Each'], ['Incline Dumbbell Bench Press', '3', '8-12'], ['Lat Pull Down', '3', '8-12'], ['Cable Lateral Raise', '3', '8-12'], ['Incline Dumbbell Curl', '3', '12-15'], ['French Press', '3', '12-15']]}, {'title': 'Tuesday: Lower Body Workout', 'content': [[], ['Back Squat', '4', '6-8'], ['Dumbbell Lunge', '3', '6-8'], ['Hip Thrust', '3', '8-12'], ['Leg Curl', '3', '12-15'], ['Calf Raises', '5', '15-20']]}, {'title': 'Wednesday: Upper Body Workout', 'content': [[], ['Pull Up', '4', '6-8'], ['Decline Hammer Machine Press', '3', '8-12'], ['Cable Row', '3', '8-12'], ['Dumbbell Shoulder Press', '3', '8-12'], ['Preacher Curl', '3', '12-15'], ['Skull Crusher', '3', '12-15']]}, {'title': 'Thursday: Lower Body Workout', 'content': [[], ['Hack Squat', '3', '6-8'], ['Leg Extension', '3', '8-12'], ['Dumbbell RDLs', '3', '6-8'], ['Seated Leg Curls', '3', '8-12'], ['Calf Raises', '5', '15-20']]}, {'title': 'Saturday: Full Body Workout', 'content': [[], ['Trap Bar Deadlift', '4', '6-8'], ['Dips', '4', '8-12'], ['Lat Pull Down', '4', '8-12'], ['Machine Row', '3', '8-12'], ['Cable Curl', '3', '12-15']]}]","{'Main Goal': 'Lose Fat', 'Workout Type': 'Split', 'Training Level': 'Intermediate', 'Program Duration': '8 weeks', 'Days Per Week': '5', 'Time Per Workout': '45-70 minutes', 'Equipment Required': 'Barbell, Bodyweight, Cables, Dumbbells, EZ Bar, Machines, Other', 'Target Gender': 'Male & Female', 'Workout PDF': 'Download Workout'}"
Summer Burn: 12 Week Fat Melting Workout,https://www.muscleandstrength.com/workouts/fat-loss,https://www.muscleandstrength.com/workouts/summer-burn-12-week-fat-melting-workout,"[{'title': 'Monday: Chest, Biceps, Forearms, & Abs', 'content': [[], ['1. Incline Bench Press', '2/0/1', '2*', '7-9'], ['2. Dumbbell Bench Press', '2/0/1', '2*', '7-9'], ['3a. Incline Dumbbell Fly', '2/0/1', '2', '10-12'], ['3b. Cable Crossover', '1/0/1/1', '2', '10-12'], ['4. EZ Bar Preacher Curl', '2/0/1', '1*', '7-9'], ['5. Barbell Curl', '2/0/1', '1*', '7-9'], ['6a. High Cable Curl', '1/0/1', '2', '7-9'], ['6b. Standing Alternating Dumbbell Curl', '1/1/1', '2', '7-9'], ['7. Reverse Barbell Curl', '2/0/1', '1*', '10-12'], ['8a. Barbell Reverse Wrist Curl', '1/0/1', '1', '13-15'], ['8b. Barbell Wrist Curl', '1/0/1', '1', '13-15'], ['9. Cable Crunch', '1/0/1/1', '2', '16-20'], ['10a. Hanging Leg Raise', '1/0/1', '1', 'Max Reps'], ['10b. Seated Bench Knee Ups', '1/0/1', '1', 'Max Reps']]}, {'title': 'Tuesday: Quads, Hamstrings, & Calves', 'content': [[], ['1. Barbell Back Squat', '2/0/1', '2*', '7-9'], ['2. Leg Press', '2/0/1', '2*', '7-9'], ['3a. Leg Extension', '2/0/1/1', '2', '10-12'], ['3b. Walking Barbell Lunge', '2/0/1', '2', '10-12 Each'], ['4. Lying Leg Curl', '2/0/1/1', '2*', '7-9'], ['5a. Adduction Machine', '1/0/1/1', '2', '16-20'], ['5b. Stiff Leg Deadlift', '2/0/1', '2', '10-12'], ['6. Standing Calf Raise', '1/1/1/1', '1*', '7-9'], ['7a. Seated Calf Raise', '1/0/1/1', '2', '7-9'], ['7b. Calf Press', '1/1/1', '2', '10-12']]}, {'title': 'Thursday: Lats, Lower Back, & Abs', 'content': [[], ['1. Seated Cable Row', '1/0/1/1', '2*', '7-9'], ['2. Reverse Grip Bent Over Row', '1/0/1/1', '2*', '7-9'], ['3a. Dumbbell Pullover', '1/0/1', '2', '10-12'], ['3b. T-Bar Row', '1/0/1', '2', '7-9'], ['4. Weighted Hyperextension', '1/0/1/1', '1*', '13-15'], ['5a. Deadlift', '1/1/1', '1', '7-9'], ['5b. Bodyweight Hyperextensions', '1/0/1/1', '1', 'Max Reps'], ['6. Weighted Ab Crunch', '1/0/1/1', '1*', '16-20'], ['7a. Lying Leg Raise', '1/0/1/1', '2', 'Max Reps'], ['7b. Oblique Crunch', '1/0/1', '2', '16-20 Each']]}, {'title': 'Friday: Shoulders, Traps, Triceps, & Calves', 'content': [[], ['1. Cable Face Pulls', '1/0/1/1', '2*', '10-12'], ['2. Lateral Raises', '1/0/1', '2*', '10-12'], ['3a. Seated Dumbbell Press', '2/0/1', '2', '7-9'], ['3b. Barbell Front Raise', '1/0/1', '2', '7-9'], ['4. Barbell Shrug', '1/0/1/1', '2*', '10-12'], ['5a. Upright Row', '1/0/1/1', '2', '7-9'], ['5b. Seated Dumbbell Shrug', '1/0/1/1', '2', '7-9'], ['6. Straight Bar Pushdown', '1/0/1/1', '1*', '10-12'], ['7. Skullcrusher', '2/0/1', '2*', '7-9'], ['8a. Seated One Arm Dumbbell Extrension', '2/0/1', '2', '7-9'], ['8b. Close Grip Bench Press', '3/0/1', '2', '7-9'], ['9. Seated Calf Raise', '1/0/1', '2*', '10-12'], ['10a. Calf Press', '1/0/1/1', '1', '7-9'], ['10b. Standing Calf Raise', '1/0/1/1', '1', '7-9']]}]","{'Main Goal': 'Lose Fat', 'Workout Type': 'Split', 'Training Level': 'Intermediate', 'Program Duration': '12 weeks', 'Days Per Week': '4', 'Time Per Workout': '45-60 minutes', 'Equipment Required': 'Barbell, Bodyweight, Cables, Dumbbells, EZ Bar, Machines', 'Target Gender': 'Male & Female', 'Recommended Supps': 'ISOFLEX\nAminoCuts\nRapidCuts\nImpact Igniter\nVitaStack', 'Workout PDF': 'Download Workout'}"
Return to Ripped: 6 Week Fat Loss Workout Program,https://www.muscleandstrength.com/workouts/fat-loss,https://www.muscleandstrength.com/workouts/return-to-ripped,"[{'title': 'Return to Ripped Day 1: Chest and Shoulders', 'content': [[], ['Incline Dumbbell Fly', '3', '8-12', '1min'], ['Flat Barbell Bench Press', '3', '8-12', '1min'], ['Pushup with Band or Feet Elevated', '3', '10-12', '1min'], ['Barbell Front Raise', '3', '8-12', '45s'], ['Seated Lateral Raise', '3', '8-12', '45s'], ['Band Pull-Apart', '3', '10-12', '45s']]}, {'title': 'Return to Ripped Day 2: Legs', 'content': [[], ['Deadlift', '4', '8-12', '1min'], ['Lying Leg Curl*', '3', '10-12', '1min'], ['Walking Lunge', '3', '12', '45s'], ['Goblet Squat', '3', '10-12', '1min'], ['Single Leg Squat', '3', '12', '45s'], ['Leg Extension*', '3', '12', '45s'], ['Seated Calf Raise', '3', '15', '45s'], ['Single Leg Standing Calf Raise', '3', '15', '45s'], ['*Machine, Bands, or Dumbbell Between Feet']]}, {'title': 'Return to Ripped Day 3: Back and Abs', 'content': [[], ['Dumbbell or Barbell Pullover', '4', '8-12', '1min'], ['Two-Arm Dumbbell Row', '3', '8-12', '1min'], ['Single Arm Lat Pulldown*', '3', '10-12', '1min'], ['Dumbbell Reverse Fly', '3', '10-12', '45s'], ['Superman', '3', '10', '45s'], ['Lying Leg Raise', '3', '12', '45s'], ['Crunches', '3', '12', '45s'], ['Side Plank (each side)', '3', '20-30s', '45s'], ['*Machine or Band']]}, {'title': 'Return to Ripped Day 4: Arms', 'content': [[], ['Barbell Curl', '3', '8-12', '45s'], ['Lying Tricep Extensions', '3', '8-12', '45s'], ['Hammer Curl', '3', '10-12', '45s'], ['Tricep Kickback', '3', '10-12', '45s'], ['Band or Cable Curl', '3', '12', '45s'], ['Cable or Band Pressdown*', '3', '12', '45s'], ['*Substitute Close Grip Pushup if you can’t do this exercise.']]}]","{'Main Goal': 'Lose Fat', 'Workout Type': 'Split', 'Training Level': 'Intermediate', 'Program Duration': '6 weeks', 'Days Per Week': '4', 'Time Per Workout': '45-70 minutes', 'Equipment Required': 'Bands, Barbell, Cables, Dumbbells, Other', 'Target Gender': 'Male & Female', 'Recommended Supps': 'Whey Protein\nMultivitamin\nFat Burner (optional)', 'Workout PDF': 'Download Workout'}"
Body Blaster: Full Body Fat Loss Workout (No Equipment Necessary),https://www.muscleandstrength.com/workouts/fat-loss,https://www.muscleandstrength.com/workouts/6-week-bodyweight-only-workout,"[{'title': 'Day 1: Every Minute On the Minute (EMOM)', 'content': [[], ['Sprint', '15 Seconds', '*'], ['Burpees', '15', '*'], ['Squat Jumps', '15', '*'], ['Walking Lunges', '8 Per Leg', '*'], ['Frog Sit Up', '15', '*'], ['Pushups', '15', '*'], ['Mountain Climbers', '15 Per Leg', '*'], ['Arm Circles', '15 Seconds', '*'], ['Shadow Boxing Combination', '15 Seconds', '*'], ['*Rest for remainder of minute between exercises']]}, {'title': 'Day 2: Circuit Training', 'content': [[], ['Sprint', '15 Seconds'], ['Burpees', '15'], ['Squat Jumps', '15'], ['Walking Lunges', '8 Per Leg'], ['Frog Sit Up', '15'], ['Pushups', '15'], ['Mountain Climbers', '15 Per Leg'], ['Arm Circles', '15 Seconds'], ['Shadow Boxing Combination', '15 Seconds']]}]","{'Main Goal': 'Lose Fat', 'Workout Type': 'Full Body', 'Training Level': 'Beginner', 'Program Duration': '6 weeks', 'Days Per Week': '3', 'Time Per Workout': '20-35 minutes', 'Equipment Required': 'Bodyweight', 'Target Gender': 'Male & Female', 'Recommended Supps': 'Whey Protein\nFish Oil\nMultivitamin', 'Workout PDF': 'Download Workout'}"
The Ripped Freak Training Program,https://www.muscleandstrength.com/workouts/fat-loss,https://www.muscleandstrength.com/workouts/ripped-freak-training-program,"[{'title': '5 Minute Ripped Solution', 'content': [[], ['0-30', 'Jump Squats', '10'], ['30-90', 'Walk Around/Recover', '2-3'], ['90-120', 'Burpees', '10'], ['120-180', 'Walk Around/Recover', '2-3'], ['180-210', 'Mountain Climbers', '10'], ['210-270', 'Walk Around/Recover', '2-3'], ['270-300', 'Jumping Lunges', '10']]}, {'title': 'Workouts', 'content': [[], ['1A. Incline Dumbbell Press', '3-4', '6-8'], ['1B. Chin-Ups', '3-4', '6-8'], ['2A. Flat Dumbbell Fly', '2-3', '10-12'], ['2B. Lat Pulldowns', '2-3', '10-12'], ['3A. Seated Cable Rows', '2-3', '10-12'], ['3B. Push-Ups', '1', 'Max']]}, {'title': 'Workouts', 'content': [[], ['1A. Barbell Squats', '3-4', '6-8'], ['1B. Dumbbell Lunges', '3-4', '6-8'], ['2A. Lying Hamstring Curls', '2-3', '10-12'], ['2B. Leg Press', '2-3', '10-12'], ['2C. Standing Calf Raises', '2-3', '12-15']]}, {'title': 'Workouts', 'content': [[], ['1A. Dumbbell Shoulder Press', '3-4', '6-8'], ['1B. Lateral Dumbbell Raise', '3-4', '6-8'], ['2A. Triceps Pushdown', '2-3', '10-12'], ['2B. Barbell Curl', '2-3', '10-12'], ['3A. Dips', '2-3', '12-15'], ['3B. Alternating Dumbbell Curls', '2-3', '12-15']]}]","{'Main Goal': 'Build Muscle', 'Workout Type': 'Full Body', 'Training Level': 'Intermediate', 'Program Duration': '12 weeks', 'Days Per Week': '5', 'Time Per Workout': '30-45 minutes', 'Equipment Required': 'Barbell, Bodyweight, Cables, Dumbbells, Machines', 'Target Gender': 'Male & Female', 'Workout PDF': 'Download Workout'}"
5 Day Super Shredding Routine,https://www.muscleandstrength.com/workouts/fat-loss,https://www.muscleandstrength.com/workouts/25-doug--s-super-shredding-routine.html,"[{'title': 'Monday - Shoulders', 'content': [[], ['Dumbbell Press', '8', '8'], ['Dumbbell Side Laterals', '8', '8'], ['Rear Delt Fly', '8', '8'], ['Barbell Upright Row', '8', '8']]}, {'title': 'Tuesday - Arms', 'content': [[], ['Barbell Preacher Curl', '8', '8'], ['Seated Dumbbell Curl (alternate arms)', '8', '8'], ['EZ Bar Close Grip Bench', '8', '8'], ['Seated Dumbbell Extension (2 arm)', '8', '8']]}, {'title': 'Wednesday - Legs', 'content': [[], ['Hack Squats', '8', '8'], ['Leg Extension', '8', '8'], ['Leg Curl', '8', '8'], ['Dumbbell Stiff Leg Deadlifts', '8', '8'], ['Seated Calf Raise', '8', '8']]}, {'title': 'Thursday - Back', 'content': [[], ['Barbell Rows', '8', '8'], ['Lat Pull Down', '8', '8'], ['V-Bar Pull Down', '8', '8'], ['Hyper Extension', '8', '8']]}, {'title': 'Friday - Chest', 'content': [[], ['Flat Dumbbell Press', '8', '8'], ['Incline Dumbbell Press', '8', '8'], ['Incline Flys', '8', '8'], ['Cable Crossover', '8', '8']]}, {'title': 'Abs (After Every Workout)', 'content': [[], ['Weighted Crunches*', '8', '8'], ['Machine Seated Knee Raises**', '8', '8'], ['Machine Twisting Crunches*', '8', '8']]}]","{'Main Goal': 'Lose Fat', 'Workout Type': 'Split', 'Training Level': 'Intermediate', 'Program Duration': '10 weeks', 'Days Per Week': '5', 'Time Per Workout': '45-60 minutes', 'Equipment Required': 'Barbell, Cables, Dumbbells, EZ Bar, Machines', 'Target Gender': 'Male & Female', 'Workout PDF': 'Download Workout'}"
6 Week High-Intensity Functional Training Workout,https://www.muscleandstrength.com/workouts/fat-loss,https://www.muscleandstrength.com/workout/6-week-high-intensity-functional-training-workout,"[{'title': 'Day 1: Chest & Triceps', 'content': [[], ['Flat Dumbbell Bench', '4', '15', '1 min'], ['Incline Dumbbell Bench', '4', '12', '1 min'], ['Narrow Push Up', '4', '12', '1 min'], ['Dumbbell Kickbacks', '4', '12', '1 min'], ['Dumbbell Pec Fly', '4', '12', '1 min'], ['Bench Dips', '4', '15', '1 min'], ['Glute Bridge Single-Arm Kettlebell Bench Press', '4', '12', '1 min']]}, {'title': 'Day 2: HIFT', 'content': [[], ['Wall Balls', '85%', '20'], ['Kettlebell Swings', '85%', '15'], ['Run', '65-75%', '400 meters']]}, {'title': 'Day 3: Back & Biceps', 'content': [[], ['Single-Arm Kettlebell Row', '65-75%', '4', '12', '1 min'], ['Bicep Hammer Curls', '65-75%', '4', '10', '1 min'], ['Single-Arm Incline Row', '65-75%', '4', '12', '1 min'], ['Bent Over Kettlebell Row', '65-75%', '4', '10', '1 min'], ['Dumbbell Rear Delt Fly', '65-75%', '4', '12', '1 min'], ['Pull Ups', '-', '3', 'Failure', '3 min'], ['Resistance Band Bicep Curls', '-', '3', 'Failure', '2 min']]}, {'title': 'Day 4: HIFT', 'content': [[], ['Power Snatch or Single Arm Dumbbell Snatch', '65-75%', '10'], ['Kettle Bell Hollow Holds', '85%', '30 sec'], ['Double/Single Unders', '-', '30 sec']]}, {'title': 'Day 5: Legs & Shoulders', 'content': [[], ['Front Rack Kettlebell Reverse Lunge', '65-75%', '4', '12', '2 min'], ['Front Rack Kettlebell Squats', '65-75%', '4', '10', '2 min'], ['Kettlebell Suitcase Deadlift', '65-75%', '4', '10', '2 min'], ['Single-Arm Kettlebell Strict Press', '65-75%', '4', '12', '1 min'], ['Barbell Shoulder Press', '65-75%', '4', '10', '2 min'], ['Resistance Band Front Raise', '-', '3', 'Failure', '1 min'], ['Resistance Band Lateral Raise', '-', '3', 'Failure', '1 min']]}, {'title': 'Day 6: HIFT', 'content': [[], ['Kettlebell Push Press', '10'], ['Box Jumps', '8'], ['Mountain Climbers', '10']]}, {'title': 'Strength Ladder', 'content': [[], ['Deadlift', '8', '12, 10, 8, 5, 5, 4, 8, 10'], ['Squats', '8', '12, 10, 8, 5, 5, 4, 8, 10']]}, {'title': 'Strength Ladder', 'content': [[], ['Kre-Alkalyn', 'X', 'X', ''], ['Citrulline Malate', 'X', 'X', 'X'], ['Beta-Alanine', 'X', 'X', ''], ['Clean Carbs', 'X', 'X', 'X'], ['Whey Protein Isolate/Plant Protein', 'X', '', 'X'], ['L-Glutamine', '', '', 'X'], ['BCAA', 'X', 'X', 'X']]}]","{'Main Goal': 'Lose Fat', 'Workout Type': 'Split', 'Training Level': 'Intermediate', 'Program Duration': '6 weeks', 'Days Per Week': '6', 'Time Per Workout': '30-75 minutes', 'Equipment Required': 'Bands, Barbell, Dumbbells, Kettle Bells, Medicine Ball', 'Target Gender': 'Male & Female', 'Recommended Supps': 'Whey Protein Isolate\nBCAA 2:1:1\nCitrulline Malate\nKre-Alkalyn', 'Workout PDF': 'Download Workout'}"
Fat Loss Inferno: 5 Day Workout to Get Ripped,https://www.muscleandstrength.com/workouts/fat-loss,https://www.muscleandstrength.com/workouts/fat-loss-inferno-5-day-workout,"[{'title': 'Monday: Legs (Quad Dominant)', 'content': [[], ['Back Squat', '5', '8'], ['Leg Press', '4', '10-12'], ['Bulgarian Split Squat', '3', '10-12 Each'], ['Leg Curl', '3', '10-15'], ['Seated Calf Raise', '3', '20-25']]}, {'title': 'Tuesday: Pull Workout (Mid/Upper Back Focused)', 'content': [[], ['T Bar Row', '5', '8'], ['Close Grip Lat Pull Down', '4', '8-12'], ['Cable Row', '3', '10-12'], ['Preacher Curls', '3', '10-12'], ['Incline Dumbbell Curls', '3', '10-12']]}, {'title': 'Wednesday: Push Workout (Shoulder Focused)', 'content': [[], ['Standing Dumbbell Press', '5', '8'], ['Leaning Lateral Raise', '4', '8-12'], ['Machine Shoulder Press', '3', '8-12'], ['Dumbbell Incline Bench Press', '3', '12'], ['Rope Tricep Extension', '3', '10-12'], ['Overhead Dumbbell Extension', '3', '10-12']]}, {'title': 'Friday: Leg Workout (Hamstring Focused)', 'content': [[], ['Dumbbell Romanian Deadlift', '5', '8'], ['Reverse Hack Squat', '4', '8-12'], ['Walking Lunge', '3', '12-15 Each'], ['Leg Curl', '3', '10-12'], ['Seated Calf Raise', '3', '20-25']]}, {'title': 'Saturday: Chest/Back Supersets', 'content': [[], ['A1. Dumbbell Bench Press', '4', '8'], ['A2. Dumbbell Row', '4', '8'], ['B1. Lat Pull Down', '4', '8-12'], ['B2. Push Up', '4', '12-15'], ['C1. Machine Fly', '3', '12'], ['C2. Reverse Machine Fly', '3', '12']]}]","{'Main Goal': 'Lose Fat', 'Workout Type': 'Split', 'Training Level': 'Intermediate', 'Program Duration': '6 weeks', 'Days Per Week': '5', 'Time Per Workout': '45-70 minutes', 'Equipment Required': 'Barbell, Bodyweight, Cables, Dumbbells, Machines, Other', 'Target Gender': 'Male & Female', 'Recommended Supps': 'Protein Powder\nMultivitamin\nGreens Powder\nProtein Bars', 'Workout PDF': 'Download Workout'}"
Extreme Fat Loss: 6 Week Fat Loss Workout Plan,https://www.muscleandstrength.com/workouts/fat-loss,https://www.muscleandstrength.com/workouts/6-week-extreme-fat-loss-workout,"[{'title': 'Day 1: Full Body Fat Loss Circuit', 'content': [[], ['A1. Pull Up', '3', '8'], ['A2. Push Up', '3', '10'], ['A3. Bodyweight Squat', '3', '10'], ['A4. Dip', '3', '10'], ['A5. Chin Up', '3', '8'], ['A6. Bodyweight Rear Lunge', '3', '15 Each'], ['B1. Dumbbell Shoulder Press', '3', '8'], ['B2. Dumbbell Row', '3', '8'], ['B3. Dumbbell Stiff Leg Deadlift', '3', '8'], ['Plank', '3', '45 Secs']]}, {'title': 'Day 2: Full Body Fat Loss Circuit', 'content': [[], ['A1. Barbell Good Morning', '4', '8'], ['A2. Barbell Lunge', '4', '8'], ['A3. Barbell Squat', '4', '8'], ['A4. Barbell Push Press', '4', '8'], ['B1. Dumbbell Bench Press', '3', '10'], ['B2. Dumbbell Row', '3', '10'], ['B3. Dumbbell Shrug', '3', '10'], ['Machine Ab Crunch', '5', '12']]}, {'title': 'Day 3: Full Body Fat Loss Circuit', 'content': [[], ['A1. Pull Up', '3', '6'], ['A2. Dip', '3', '6'], ['A3. Chin Up', '3', '6'], ['A4. Push Up', '3', '10'], ['B1. Dumbbell Goblet Squat', '4', '8'], ['B2. Dumbbell Shoulder Press', '4', '8'], ['B3. Dumbbell RDL', '4', '8'], ['B4. Dumbbell Glute Bridge', '4', '8'], ['Hanging Leg Raise', '3', '12']]}]","{'Main Goal': 'Lose Fat', 'Workout Type': 'Full Body', 'Training Level': 'Intermediate', 'Program Duration': '6 weeks', 'Days Per Week': '3', 'Time Per Workout': '45-75 minutes', 'Equipment Required': 'Barbell, Bodyweight, Dumbbells', 'Target Gender': 'Male & Female', 'Workout PDF': 'Download Workout'}"
Adonis Creed Inspired Workout: Shred Fat like a Contender,https://www.muscleandstrength.com/workouts/fat-loss,https://www.muscleandstrength.com/workouts/creed-workout-program,"[{'title': 'Adonis Creed Workout Day 1: Pull Strength Workout', 'content': [[], ['1. Deadlift', '4', '3-5'], ['2. Bent Over Row', '4', '5'], ['3. Weighted Chin Up', '3', '6'], ['4. Dumbbell Row', '3', '8'], ['5. Face Pull', '3', '12'], ['6. Barbell Curl', '4', '10']]}, {'title': 'Adonis Creed Workout Day 2: Push Strength Workout', 'content': [[], ['1. Bench Press', '4', '3-5'], ['2. Seated Military Press', '4', '5'], ['3. Weighted Dips', '3', '6'], ['4. Pec Dec Fly', '3', '12'], ['5. Lateral Raise', '3', '12'], ['6. Tricep Rope Extension', '4', '12']]}, {'title': 'Adonis Creed Workout Day 3: Legs Strength Workout', 'content': [[], ['1. Barbell Squat', '4', '3-5'], ['2. Dumbbell Stiff Leg Deadlift', '4', '5'], ['3. Leg Press', '3', '6'], ['4. Hip Thrust', '3', '8'], ['5. Leg Extension', '3', '12'], ['6. Standing Calf Raise', '4', '15']]}, {'title': 'Adonis Creed Workout Day 4: Push Muscle Building Workout', 'content': [[], ['1. Standing Dumbbell Shoulder Press', '4', '8'], ['2. Push Ups', '4', '12'], ['3. Cable Lateral Raise', '3', '15'], ['4. Dumbbell Incline Bench Press', '3', '15'], ['5. Triceps Dips', '3', '15'], ['6. Skullcrushers', '3', '12']]}, {'title': 'Adonis Creed Workout Day 5: Legs Muscle Building Workout', 'content': [[], ['1. Front Squat', '4', '8'], ['2. Trap Bar Deadlift', '4', '12'], ['3. Dumbbell Lunge', '3', '12 Each'], ['4. Hyperextensions (Glute)', '3', '15'], ['5. Leg Curl', '3', '12'], ['6. Seated Calf Raise', '3', '20']]}, {'title': 'Adonis Creed Workout Day 6: Pull Muscle Building Workout', 'content': [[], ['1. Pull Ups', '3', '12'], ['2. Inverted Rows', '3', '15'], ['3. Seated Cable Row', '3', '12'], ['4. Lat Pull Down', '3', '12'], ['5. Dumbbell Curl', '3', '15'], ['6. Preacher Curl', '3', '12']]}, {'title': 'Creed Ab Workout Routine', 'content': [[], ['Plank', '4', '30 Secs'], ['Ab Crunch', '4', '15'], ['Scissor Kicks', '4', '12 Each'], ['Bicycle', '4', '15 Each'], ['Lying Leg Raise', '4', '12'], ['Sit Up', '4', '15']]}]","{'Main Goal': 'Lose Fat', 'Workout Type': 'Split', 'Training Level': 'Advanced', 'Program Duration': '8 weeks', 'Days Per Week': '6', 'Time Per Workout': '75-90 minutes', 'Equipment Required': 'Barbell, Bodyweight, Cables, Dumbbells, Machines', 'Target Gender': 'Male', 'Recommended Supps': 'Protein Powder\nCarbohydrates\nCreatine\nFish Oil\nZMA\nPreWorkout (Optional)', 'Workout PDF': 'Download Workout'}"
Doug's 4 Day Mega Cutting Routine,https://www.muscleandstrength.com/workouts/fat-loss,https://www.muscleandstrength.com/workouts/23-doug--s-mega-cutting-routine.html,"[{'title': 'Monday - Shoulders and Triceps', 'content': [[], ['Seated Dumbbell Press - (15, 12*)', '4', '12, 10, 8, 8'], ['A1. Dumbbell Lateral Raise', '3', '10-12'], ['A2. Dumbbell Reverse Fly', '3', '10-12'], ['A3. Dumbbell Shrugs', '3', '10-12'], ['EZ Bar Close Grip Bench - (15, 12*)', '4', '12, 10, 8, 8'], ['B1. Dumbbell Kickbacks', '3', '10-12'], ['B2. Overhead Rope Extension', '3', '10-12'], ['B3. Narrow Grip Pushups', '3', 'Failure']]}, {'title': 'Tuesday - Back', 'content': [[], ['Reverse Grip Bent Over Row (15*, 12*)', '4', '12, 10, 8, 8'], ['A1. Wide Grip Pull Down', '3', '10-12'], ['A2. 1 Arm Cable Row', '3', '8'], ['A3. Hyper Extensions', '3', '12-15']]}, {'title': 'Thursday - Chest and Biceps', 'content': [[], ['Incline Dumbbell Press - (15, 12*)', '4', '12, 8, 8, 8'], ['A1. Pec Dec', '3', '10-12'], ['A2. Dumbbell Flys', '3', '10-12'], ['A3. Push Ups', '3', 'Failure'], ['Dumbbell Curl - (15, 12*)', '4', '12, 10, 8, 8'], ['B1. EZ Bar Curl', '3', '10-12'], ['B2. Dumbbell Reverse Curl', '3', '10-12'], ['B3. Rope Curl', '3', '10-12']]}, {'title': 'Friday - Legs and Calves', 'content': [[], ['Squats - (15, 12*)', '5', '12, 10, 8, 8, 8'], ['A1. Wall Squat', '3', '12-15'], ['A2. Leg Extension', '3', '12-15'], ['A3. Sissy Squat', '3', '20-25'], ['Leg Curls - (12, 15*)', '4', '12, 10, 10, 10'], ['Straight Leg Deadlifts', '3', '15, 12, 10'], ['Seated Calf Raise - (10, 12*)', '3', '12, 10, 10'], ['Standing Calf Raise', '3', '20, 15, 15']]}]","{'Main Goal': 'Lose Fat', 'Workout Type': 'Split', 'Training Level': 'Intermediate', 'Program Duration': '12 weeks', 'Days Per Week': '4', 'Time Per Workout': '45-60 minutes', 'Equipment Required': 'Barbell, Bodyweight, Cables, Dumbbells, EZ Bar', 'Target Gender': 'Male & Female', 'Workout PDF': 'Download Workout'}"
12 Week Total Fat Annihilation Workout Plan,https://www.muscleandstrength.com/workouts/fat-loss,https://www.muscleandstrength.com/workouts/12-week-fat-annihilation-workout,"[{'title': 'Fat Loss (Upper Body) Workout 1', 'content': [[], ['A1. Dumbbell Bench Press', '4', '8-10'], ['A2. Dumbbell Incline Bench Press', '4', '8-10'], ['A3. Push Up', '4', 'Mechanical Failure'], ['B1. Dumbbell Row', '4', '8-12'], ['B2. Seated Cable Row', '4', '8-12'], ['B3. Pull Up', '4', 'Mechanical Failure'], ['C1. Lateral Raise', '2', '10-12'], ['C2. Front Raise', '2', '10-12'], ['C3. Rear Delt Raise', '2', '10-12'], ['Farmers Carry', '5', '20 Yards'], ['Oblique Crunch', '2', '15 Each'], ['Hanging Knee Raise', '2', '12']]}, {'title': 'Fat Loss (Lower Body) Workout 2', 'content': [[], ['A1. Front Squat', '4', '8-10'], ['A2. Goblet Squat', '4', '8-10'], ['A3. Rear Bodyweight Lunge', '4', 'Mechanical Failure'], ['B1. Dumbbell Stiff Leg Deadlift', '4', '8-10'], ['B2. Leg Curl', '4', '8-10'], ['B3. Bodyweight Glute Bridge', '4', 'Mechanical Failure'], ['C1. Standing Calf Raise', '4', '20'], ['C2. Seated Calf Raise', '4', '10'], ['Farmers Carry', '5', '20 Yards'], ['Ab Crunch', '2', '20'], ['Reverse Crunch', '2', '20']]}, {'title': 'Fat Loss (Full Body) Workout 3', 'content': [[], ['A1. Dumbbell Squat', '3', '10'], ['A2. Dumbbell Shoulder Press', '3', '10'], ['B1. Goblet Squat', '3', '12 Each'], ['B2. Lat Pull Down', '3', '12'], ['C1. Landmine Romanian Deadlift', '3', '12'], ['C2. Landmine T-Bar Row', '3', '12'], ['D1. EZ Bar Curl', '3', '10'], ['D2. Skullcrushers', '3', '10'], ['Farmers Walk', '4', '60 Secs'], ['Plank', '3', '30 Secs'], ['Side Plank', '3', '30 Secs Each']]}, {'title': 'Fat Loss (Full Body) Workout 4', 'content': [[], ['A1. Conventional Deadlift', '3', '10'], ['A2. Push Up', '3', '12'], ['B1. Leg Press', '3', '12'], ['B2. Pull Up', '3', '12'], ['C1. Hack Squat', '3', '12'], ['C2. Inverted Row', '3', '12'], ['D1. Cable Curl', '3', '12'], ['D2. Tricep Extension', '3', '12'], ['Farmers Walk', '4', '60 Secs'], ['Hanging Leg Raise', '2', '12'], ['Russian Twist', '2', '12 Each']]}]","{'Main Goal': 'Lose Fat', 'Workout Type': 'Split', 'Training Level': 'Advanced', 'Program Duration': '12 weeks', 'Days Per Week': '4', 'Time Per Workout': '45-70 minutes', 'Equipment Required': 'Barbell, Bodyweight, Cables, Dumbbells, EZ Bar, Machines', 'Target Gender': 'Male & Female', 'Recommended Supps': 'Protein Powder\nFish Oil', 'Workout PDF': 'Download Workout'}"
Men’s Physique Workout: Brandon Hendrickson Inspired Workout Routine,https://www.muscleandstrength.com/workouts/fat-loss,https://www.muscleandstrength.com/workouts/brandon-hendrickson-workout,"[{'title': 'Monday: Brandon Hendrickson Chest Workout', 'content': [[], ['Single Arm Hammer Strength Press', '3', '12 each'], ['Machine Incline Press', '3', '12'], ['Cable Flys', '3', '15'], ['A1. Incline Dumbbell Fly', '3', '10'], ['A2. Dumbbell Underhand Raises', '3', '10'], ['Pec Deck Fly', '3', '12'], ['Dumbbell Pullover', '3', '12']]}, {'title': 'Tuesday: Brandon Hendrickson Leg Workout', 'content': [[], ['A1. Standing Hamstring Curl', '4', '12 Each'], ['A2. Walking Lunges', '4', '10 Each'], ['B1. Lying Leg Curl', '4', '20'], ['B2. Machine Adduction', '4', '15'], ['High Feet Leg Press', '1', '6 Plate Drop Set'], ['Leg Extension', '3', '14'], ['Barbell Back Squat', '5', '10-15'], ['Narrow Stance Leg Press', '3', '20'], ['Wide Stance Leg Press', '1', 'Drop Set']]}, {'title': 'Wednesday: Brandon Hendrickson Shoulder Workout', 'content': [[], ['Side Lateral Raise', '5', '12-15'], ['Dumbbell Front Raises*', '4', '10'], ['Reverse Machine Press', '5', '10'], ['Machine Shoulder Leg Press**', '4', '10'], ['Upright EZ Bar Row', '4', '12-15']]}, {'title': 'Friday: Brandon Hendrickson Back Workout', 'content': [[], ['Wide Grip Cable Row', '4-5', '12-15'], ['Cable Pullover', '3-4', '12-15'], ['Single Arm Cable Row', '3', '12-15'], ['Standing Overhand Cable Row', '3', '12-15'], ['Standing Underhand Cable Row', '3', '12-15'], ['Lat Pull Down', '4-5', '8-10']]}, {'title': 'Saturday: Brandon Hendrickson Arm Workout', 'content': [[], ['Single Arm Crossbody Rope Tricep Extensions', '4', '12-15'], ['A1. Machine Tricep Extensions', '4', '12-15'], ['A2. Machine Tricep Dips', '4', '10'], ['Dumbbell Tricep Kickback', '4', '15-20'], ['Dumbbell Concentration Curl', '4', '12-15'], ['B1. Machine Preacher Curl', '5', '10'], ['B2. Single Arm Machine Curls', '5', '12-15'], ['Alternating Dumbbell Curls', '4', '12-15'], ['EZ Bar Curls', '4', '10']]}, {'title': 'Morning/Postworkout Abs & Cardio', 'content': [[], ['Hanging Leg Raise', '4-5', '15-20'], ['Windshield Wipers', '4-5', '15-20'], ['Seated Crunch', '4-5', '15-20'], ['Rope Crunch', '4-5', '15-20']]}]","{'Main Goal': 'Lose Fat', 'Workout Type': 'Split', 'Training Level': 'Advanced', 'Program Duration': '12 weeks', 'Days Per Week': '5', 'Time Per Workout': '60-90 minutes', 'Equipment Required': 'Barbell, Bodyweight, Cables, Dumbbells, EZ Bar, Machines, Other', 'Target Gender': 'Male', 'Workout PDF': 'Download Workout'}"
12 Week Women's Bikini Prep Workout Program,https://www.muscleandstrength.com/workouts/fat-loss,https://www.muscleandstrength.com/workouts/12-week-womens-bikini-prep-workout,"[{'title': 'Day 1: Shoulders', 'content': [[], ['1. Arnold Press', '5', '8'], ['2. Smith Machine Shoulder Press', '5', '8'], ['3. Strict Overhead Press', '5', '8, 5, 3, 5, Failure'], ['4. Single Arm Lateral Machine Raise', '5', '8'], ['5. Partial Lateral Raise', '3', 'Failure']]}, {'title': 'Day 2: Back', 'content': [[], ['1. Lat Pull Down', '5', '8'], ['2. Hammer Strength High Row Machine', '5', '8'], ['3. Underhand Barbell Row', '5', '8'], ['4. Rear Delt Fly Machine', '5', '8'], ['5. Lying Dumbbell Pullover', '2', '50']]}, {'title': 'Day 3: Legs', 'content': [[], ['1. Box Squats', '3', '12'], ['2. Deadlifts', '3', '12'], ['3. Reverse Hack Squat', '3', '12'], ['4a. Goblet Squat', '5', '8'], ['4b. Squat Jumps', '5', '8'], ['5. Glute Bridges', '2', 'Failure']]}, {'title': 'Day 4: Arms', 'content': [[], ['1. EZ Bar Curls', '5', '8'], ['2. Alternating Dumbbell Curls', '5', '8'], ['3. Straight Bar Tricep Pressdown', '5', '8'], ['4. Tricep Cable Overhead Extension', '5', '8'], ['5a. Rope Tricep Pressdown', '3', '8'], ['5b. 5 Second Isometric Bicep Contractions', '3', '8']]}]","{'Main Goal': 'Lose Fat', 'Workout Type': 'Split', 'Training Level': 'Intermediate', 'Program Duration': '12 weeks', 'Days Per Week': '5', 'Time Per Workout': '30-90 minutes', 'Equipment Required': 'Barbell, Cables, Dumbbells, EZ Bar, Machines', 'Target Gender': 'Female', 'Recommended Supps': ""Whey Protein Isolate\nWomen's Multi\nFish Oil\nFat Burner (optional)"", 'Workout PDF': 'Download Workout'}"
Boot Camp Burn: 12 Week Military Workout Program,https://www.muscleandstrength.com/workouts/fat-loss,https://www.muscleandstrength.com/workouts/12-week-military-workout-program,"[{'title': 'Weeks 1-4', 'content': [[], ['1a. Pushups', '20 jumping jacks', '3-4 rounds of 10-20 reps'], ['1b. Inverted Rows', '-', '3-4 rounds of 10-20 reps'], ['1c. Leg Lifts', '-', '3-4 rounds of 10-20 reps'], ['2a. Box Jump', '20 steps of walking lunge', '3-4 rounds of 10-20 reps'], ['2b. Reverse Lunge', '-', '3-4 rounds of 10-20 reps'], ['2c. Prisoner Squat', '-', '3-4 rounds of 10-20 reps'], ['3a. Diamond Pushup', '-', '3-4 rounds of 10-20 reps'], ['3b. Floor Crunch', '-', '3-4 rounds of 10-20 reps'], ['3c. Plank', '-', '3-4 rounds of 30 seconds'], ['4. 1 mile run', '3 min warm up', 'comfortable pace']]}, {'title': 'Weeks 1-4', 'content': [[], ['1a. Front Squat', '2 x 10', '3 x 12'], ['1b. Dumbbell Stiff Leg Deadlift', '2 x 10', '3 x 12'], ['2a. Bench Press', '2 x 10', '3 x 8'], ['2b. Dumbbell Row', '2 x 10', '3 x 8'], ['3a. Kettlebell Swing', '-', '3 x 12'], ['3b. Overhead Press', '-', '3 x 12'], ['4. 1 mile run', '3 min warm up', 'comfortable pace']]}, {'title': 'Weeks 5-8', 'content': [[], ['1a. Feet- Elevated Pushups', '20 jumping jacks', '3-4 rounds of 10-20 reps'], ['1b. Chin Up', '-', '3-4 rounds of 10-20 reps'], ['1c. Leg Lifts', '-', '3-4 rounds of 10-20 reps'], ['2a. Box Jump', '20 steps of walking lunge', '3-4 rounds of 10-20 reps'], ['2b. Walking Lunge', '-', '3-4 rounds of 10-20 reps'], ['2c. Calf Jump', '-', '3-4 rounds of 10-20 reps'], ['3a. Diamond Pushup', '-', '3-4 rounds of 10-20 reps'], ['3b. Sit Up', '-', '3-4 rounds of 10-20 reps'], ['3c. Plank', '-', '3-4 rounds of 30 seconds'], ['4. 1.5 mile run', '3 min warm up', 'comfortable pace']]}, {'title': 'Weeks 5-8', 'content': [[], ['1a. Squat', '2 x 10', '3 x 12'], ['1b. Romanian Deadlift', '2 x 10', '3 x 12'], ['2a. Dumbbell Bench Press', '2 x 10', '3 x 8'], ['2b. Barbell Row', '2 x 10', '3 x 8'], ['3a. Kettlebell Press', '-', '3 x 12'], ['3b. Dumbbell Upright Row', '-', '3 x 12'], ['4. 1.5 mile run', '3 min warm up', 'comfortable pace']]}, {'title': 'Weeks 9-12', 'content': [[], ['1a. Plyo Pushups', '20 jumping jacks', '3-4 rounds of 10-20 reps'], ['1b. Pull Up', '-', '3-4 rounds of 10-20 reps'], ['1c. Decline Sit Up', '-', '3-4 rounds of 10-20 reps'], ['2a. Walking Lunge', '-', '3-4 rounds of 10-20 reps'], ['2b. Squat Jump', '-', '3-4 rounds of 10-20 reps'], ['2c. Reverse Lunge', '-', '3-4 rounds of 10-20 reps'], ['3a. Push Up on Swiss Ball', '-', '3-4 rounds of 10-20 reps'], ['3b. Sit Up', '-', '3-4 rounds of 10-20 reps'], ['3c. Plank', '-', '3-4 rounds of 30 seconds'], ['4. 2 mile run', '3 min warm up', 'comfortable pace']]}, {'title': 'Weeks 9-12', 'content': [[], ['1a. Goblet Squat', '2 x 10', '3 x 12'], ['1b. Kettlebell Romanian Deadlift', '2 x 10', '3 x 12'], ['2a. Incline Dumbbell Bench Press', '2 x 10', '3 x 8'], ['2b. Kettlebell Row', '2 x 10', '3 x 8'], ['3a. Single Arm Kettlebell Press', '-', '3 x 12'], ['3b. Dumbbell Shrug', '-', '3 x 12'], ['4. 2 mile run', '3 min warm up', 'comfortable pace']]}]","{'Main Goal': 'Lose Fat', 'Workout Type': 'Full Body', 'Training Level': 'Beginner', 'Program Duration': '12 weeks', 'Days Per Week': '4', 'Time Per Workout': '30-45 minutes', 'Equipment Required': 'Barbell, Bodyweight, Dumbbells, Kettle Bells', 'Target Gender': 'Male & Female', 'Workout PDF': 'Download Workout'}"
The Body Fat Blaster: 8 Weeks to a Ripped Physique,https://www.muscleandstrength.com/workouts/fat-loss,https://www.muscleandstrength.com/workouts/body-fat-blaster-8-week-workout,"[{'title': 'Monday: Upper Workout', 'content': [[], ['1a. Dumbbell Bench Press', '4', '8'], ['1b. Dumbbell Row', '4', '8'], ['2. Overhead Press', '4', '10*'], ['3a. Chin Up', '3', '12-15'], ['3b. Dips', '3', '12-15'], ['4a. Cable Curl', '2', '10-12'], ['4b. Cable Pressdown', '2', '10-12']]}, {'title': 'Tuesday: Lower Workout', 'content': [[], ['1. Squats', '5', '20, 18, 15, 12, 10'], ['2a. Dumbbell Stiff Legged Deadlift', '4', '8'], ['2b. Dumbbell Split Squat', '4', '8 Each'], ['3. Leg Press', '3', '15, 12, 10*'], ['4a. Leg Curl', '3', '15'], ['4b. Leg Extension', '3', '15']]}, {'title': 'Thursday: Upper Workout', 'content': [[], ['1. Bent Over Row', '4', '6*'], ['2. Incline Bench Press', '4', '6*'], ['3a. Seated Cable Row', '3', '12-15'], ['3b. Push Ups', '3', '12-15'], ['4. Lat Pull Down', '3', '6, 8, 10'], ['5a. Lateral Raise', '3', '10'], ['5b. Band Pull Apart', '3', '10**']]}, {'title': 'Friday: Lower Workout', 'content': [[], ['1. Trap Bar Deadlift', '4', '12, 10, 8, 6'], ['2. Romanian Deadlift', '4', '8-10'], ['3. Lateral Lunges', '3', '15-20 Each'], ['4a. Narrow Leg Press', '3', '12'], ['4b. Wide Leg Press', '3', '12'], ['5a. Seated Calf Raise', '3', '20'], ['5b. Jump Rope', '3', '3 Mins']]}, {'title': 'Saturday: Core & Active Recovery', 'content': [[], ['Ab Crunch', '3', '20'], ['Bicycle Crunch', '3', '20'], ['Leg Raise', '3', '10'], ['Oblique Crunch', '3', '15 Each'], ['Plank', '3', '30 Secs']]}]","{'Main Goal': 'Lose Fat', 'Workout Type': 'Split', 'Training Level': 'Intermediate', 'Program Duration': '8 weeks', 'Days Per Week': '5', 'Time Per Workout': '60-90 minutes', 'Equipment Required': 'Barbell, Bodyweight, Cables, Dumbbells, Machines', 'Target Gender': 'Male & Female', 'Recommended Supps': 'Protein Powder\nPre-Workout (optional)\nBCAAs (optional)', 'Workout PDF': 'Download Workout'}"
Tactical Tabata: 30 Day High-Intensity Workout,https://www.muscleandstrength.com/workouts/fat-loss,https://www.muscleandstrength.com/workouts/tactical-tabata,"[{'title': 'Workout 1 (Metabolic Monday) Total Body Workout', 'content': [[], ['A1. Jog', '3', '20 Sec/10 Sec'], ['A2. Squat w/ Knee Raise', '-', '-'], ['A3. Plank Shoulder Taps', '-', '-'], ['B1. Shoulder Tap Push Ups', '3', '-'], ['B2. Jump Squats', '-', '-'], ['C1. Hand Release Push Ups', '2', '-'], ['C2. Lunge Jumps', '-', '-'], ['C3. Diamond Push Ups', '-', '-'], ['C4. Pop Squats', '-', '-'], ['D1. Push Up to Burpee', '4', '-'], ['D2. High Low Plank', '-', '-'], ['E1. Low Plank Hold', '2', '-'], ['E2. Squat Hold', '-', '-'], ['E3. Lunge Hold', '-', '-'], ['F1. Frog Jumps', '4', '-'], ['F2. Knee Push Up to High Plank', '-', '-'], ['G1. Push Ups', '2 Min', '5 Reps'], ['G2. Squats', '-', '5 Reps'], ['G3. High Low Planks', '-', '5 Reps'], ['G4. Squat Thrust', '-', '5 Reps']]}, {'title': 'Workout 2 (Turbo Tuesday) Cardio Conditioning', 'content': [[], ['A1. Walk Outs to Shoulder Taps', '3', '20 Sec/10 Sec'], ['A2. Half Jacks', '-', '-'], ['A3. Hop Squats', '-', '-'], ['B1. Plank Jacks to In-Out Abs', '4', '-'], ['B2. Standing Jacks to Vertical Jumps', '-', '-'], ['C1. Mountain Climbers', '2', '-'], ['C2. High Knees', '-', '-'], ['C3. 2 Squats to Jump Squats', '-', '-'], ['C4. 2 Wide Pike Ups to Burpees', '-', '-'], ['D1. Butt Kicks', '4', '-'], ['D2. Plank Butt Kicks', '-', '-'], ['E1. High Low Plank', '2', '-'], ['E2. Hop Squat', '-', '-'], ['E3. Chest Opener Jacks', '-', '-'], ['E4. Plank Arm and Leg Jacks', '-', '-'], ['F1. Ski Abs', '4', '-'], ['F2. Ski Jumps', '-', '-'], ['G1. Plank Jacks', '2 Min', '5 Reps'], ['G2. Jump Squats', '-', '5 Reps'], ['G3. Butt Kicks', '-', '5 Reps'], ['G4. Ski Jump', '-', '5 Reps']]}, {'title': 'Workout 3 (Wild Out Wednesdays) Legs & Abs', 'content': [[], ['A1. Squats', '3', '20 Sec/10 Sec'], ['A2. Jog', '-', '-'], ['A3. Lunges', '-', '-'], ['B1. 2 Squat Pulses to Squat', '2', '-'], ['B2. 2 Squat Pulses to Jump Squats', '-', '-'], ['B3. Squat Pulses', '-', '-'], ['B4. 2 Squat Pulses to Side to Side Hops', '-', '-'], ['C1. Leg Raises', '2', '-'], ['C2. Flutter Kicks', '-', '-'], ['C3. Leg Crosses', '-', '-'], ['C4. Six Inch Holds', '-', '-'], ['D1. Alternating Lunge Pulses', '2', '-'], ['D2. Lunge Jumps', '-', '-'], ['D3. Pop Lunge', '-', '-'], ['D4. Split Squat Jumps', '-', '-'], ['E1. Low Plank', '2', '-'], ['E2. High Plank', '-', '-'], ['E3. Side Plank', '-', '-'], ['E4. Plank Toe Taps', '-', '-'], ['F1. Lunge Squat', '2', '-'], ['F2. Lunge, Lunge, Squat', '-', '-'], ['F3. Lunge, Lunge, Floor Touch, Squat', '-', '-'], ['F4. Jane Fonda', '-', '-'], ['G1. Squats', '2 Min', '5 Reps'], ['G2. Leg Raise', '-', '5 Reps'], ['G3. Lunges', '-', '5 Reps'], ['G4. Calf Raise', '-', '5 Reps']]}, {'title': 'Workout 4: (Turned Up Thursday) Upper Body Workouts', 'content': [[], ['A1. Plank Taps', '3', '20 Sec/10 Sec'], ['A2. Jog', '-', '-'], ['A3. Arm Circles', '-', '-'], ['B1. Push Up w/ Row', '2', '-'], ['B2. Push Ups', '-', '-'], ['B3. Balance Row', '-', '-'], ['B4. Back Extension to Push Up', '-', '-'], ['C1. Half Sits', '2', '-'], ['C2. Leg Crosses', '-', '-'], ['C3. Plank Knee Crunch', '-', '-'], ['C4. Plank Punches', '-', '-'], ['D1. Push Ups to Punches', '2', '-'], ['D2. Diamond Push Ups', '-', '-'], ['D3. Plank Shoulder Taps', '-', '-'], ['D4. Tricep Dips', '-', '-'], ['E1. Oblique Twist', '2', '-'], ['E2. Tuck Ins', '-', '-'], ['E3. Bicycle Crunch', '-', '-'], ['E4. Crunch', '-', '-'], ['F1. Hand Release Push Ups', '2', '-'], ['F2. Plank Shrugs', '-', '-'], ['F3. Military Press', '-', '-'], ['F4. Slow to Explosive Push Up', '-', '-'], ['G1. Push Ups', '2 Mins', '5 Reps'], ['G2. Bicycle Crunch', '-', '5 Reps'], ['G3. High Knees', '-', '5 Reps']]}, {'title': 'Workout 5 (Fired Up Friday) Cardio 2', 'content': [[], ['A1. Jumping Jacks', '3', '20 Sec/10 Sec'], ['A2. Hollow Man', '-', '-'], ['A3. Heel Taps', '-', '-'], ['B1. Burpee', '4', '-'], ['B2. 180* Jump Squats', '-', '-'], ['B3. Suicide Runs', '-', '-'], ['B4. Jack Squats', '-', '-'], ['C1. Fast Feet', '4', '-'], ['C2. Push Ups', '-', '-'], ['C3. Knee Touch Jump Squats', '-', '-'], ['C4. Mountain Climbers', '-', '-'], ['D1. Speed Skater', '2', '-'], ['D2. Pop Squats', '-', '-'], ['D3. In-Out Abs to Burpee', '-', '-'], ['D4. Butt Kicks', '-', '-'], ['E1. Low Plank to Shoulder Tap', '2', '-'], ['E2. Superman', '-', '-'], ['E3. Crunches', '-', '-'], ['E4. Low Crunch', '-', '-'], ['F1. T Push Ups', '4', '-'], ['F2. Downward Dog to Plank Punches', '-', '-'], ['F3. Pop Side Lunges Alternating', '-', '-'], ['F4. Squats', '-', '-'], ['Plank', '2 Min', 'N/A']]}, {'title': 'Workout 6 (Super Saturdays) Strength Workout w/ Chair', 'content': [[], ['A1. Side to Side Squats', '3', '20 Sec/10 Sec'], ['A2. Jogs', '-', '-'], ['A3. Jack Punches', '-', '-'], ['B1. Heel Elevated Split Squats', '2', '-'], ['B2. Heel Elevated Split Squat Jumps', '-', '-'], ['B3. Heel Elevated Split Squat Pulses', '-', '-'], ['B4. Split Squat Pulses', '-', '-'], ['C1. Elevated Push Ups', '2', '-'], ['C2. Incline Push Ups', '-', '-'], ['C3. Push Ups to Chair Taps', '-', '-'], ['C4. Push Up Hold', '-', '-'], ['D1. Chair Step Up', '2', '-'], ['D2. Chair Squat', '-', '-'], ['D3. Chair Squat Jumps', '-', '-'], ['D4. Squat Hold', '-', '-'], ['E1. Feet Elevated Plank', '2', '-'], ['E2. Chair Plank', '-', '-'], ['E3. Chair Knee Ups', '-', '-'], ['E4. Chair Crunch', '-', '-'], ['F1. 4 Chair Jacks, 4 Standing Jacks', '2', '-'], ['F2. 4 Chair High Knees, 4 High Knees', '-', '-'], ['F3. 4 Chair Knee Ups, 4 Tuck Jumps', '-', '-'], ['F4. 4 Chair Punches, 4 Squat Punches', '-', '-'], ['G1. High Knees', '2 Mins', '10 Reps'], ['G2. Push Ups', '-', '10 Reps'], ['G3. Mountain Climbers', '-', '10 Reps'], ['Stiff Leg Deadlift', '4', '25']]}]","{'Main Goal': 'Lose Fat', 'Workout Type': 'Full Body', 'Training Level': 'Beginner', 'Program Duration': '4 weeks', 'Days Per Week': '6', 'Time Per Workout': '30-45 minutes', 'Equipment Required': 'Bodyweight', 'Target Gender': 'Male & Female', 'Recommended Supps': 'Protein Powder\nBCAAs', 'Workout PDF': 'Download Workout'}"
300 Workout: The Rise Of A New You! A Plan To Get Muscular & Ripped,https://www.muscleandstrength.com/workouts/fat-loss,https://www.muscleandstrength.com/workouts/300-rise-new-you-workout-muscular-ripped,"[{'title': 'Intermediate 230 - 230 total reps', 'content': [[], ['300 Workout'], ['Exercise', 'Reps'], ['Dynamic warm-up complex', ''], ['Barbell clean and press', '15'], ['Pull-ups', '25'], ['Split squat jumps', '30'], ['Feet-elevated push-ups', '30'], ['Hanging leg raises or lying leg raises', '40'], ['Two-arm kettlebell swing', '40'], ['30-50 yard sprint or sled push', ''], ['Perform the complex for one to three rounds', '']]}, {'title': 'Intermediate 230 - 230 total reps', 'content': [[], ['300 Workout'], ['Exercise', 'Reps'], ['Dynamic warm-up complex', ''], ['One-arm kettlebell or dumbbell clean and press', '15'], ['Barbell deadlifts', '20'], ['Box jumps', '30'], ['Renegade rows', '20'], ['Mountain climbers', '30'], ['Goblet squats', '20'], ['Inverted rows', '20'], ['2 minute jog', ''], ['Perform the complex for one to three rounds', '']]}, {'title': 'Intermediate 230 - 230 total reps', 'content': [[], ['300 Workout'], ['Exercise', 'Reps'], ['Dynamic warm-up complex', ''], ['One-arm kettlebell or dumbbell push press', '15'], ['Reverse-grip chin-ups', '25'], ['Walking lunges', '15 Each Leg'], ['Close-Grip push-ups', '30'], ['Floor wipers', '40'], ['Barbell upright row', '40'], ['30-50 yard sprint or sled push', ''], ['Perform the complex for one to three rounds', '']]}, {'title': 'Intermediate 230 - 230 total reps', 'content': [[], ['300 Workout'], ['Exercise', 'Reps'], ['Dynamic warm-up complex', ''], ['Kettlebell or dumbbell deadlifts', '20'], ['Two-arm kettlebell or dumbbell clean and press', '15'], ['Bench step-ups', '30'], ['Inverted rows', '20'], ['Floor leg raise/crunch combo', '15 Each'], ['Barbell squats', '20'], ['Push-ups on dumbbells', '20'], ['2 minute jog', ''], ['Perform the complex for one to three rounds', '']]}]","{'Main Goal': 'General Fitness', 'Workout Type': 'Full Body', 'Training Level': 'Beginner', 'Program Duration': '12 weeks', 'Days Per Week': '4', 'Time Per Workout': '30-45 minutes', 'Equipment Required': 'Barbell, Bodyweight, Dumbbells, Kettle Bells, Other', 'Target Gender': 'Male & Female', 'Recommended Supps': 'Whey Protein Isolate\nCreatine Monohydrate\nFat Burner (optional)\nFish Oil', 'Workout PDF': 'Download Workout'}"
Spring cLEANing Workout Program: 12 Weeks to Shredded!,https://www.muscleandstrength.com/workouts/fat-loss,https://www.muscleandstrength.com/workouts/spring-cleaning-12-weeks-to-shredded,"[{'title': 'Monday: Back Workout', 'content': [[], ['1. Wide Grip Lat Pull Down', '3', '20, 15, 10'], ['2. Bent Over Barbell Row', '4', '12, 10, 8, 6'], ['3. One Arm Dumbbell Row', '3', '12, 10, 8'], ['4. Single Arm Lat Pull Down', '3', '15'], ['5. Hyperextensions', '3', '15']]}, {'title': 'Tuesday: Chest Workout', 'content': [[], ['1. Pec Deck', '3', '20, 15, 10'], ['2. Incline Dumbbell Press', '4', '12, 10, 8, 6'], ['3. Machine Bench Press', '3', '12, 10, 8'], ['4. Cable Crossover', '3', '15'], ['5. Push Up', '3', '15']]}, {'title': 'Thursday: Leg Workout', 'content': [[], ['1. Leg Press', '3', '20, 15, 10'], ['2. Squat', '4', '12, 10, 8, 6'], ['3. Leg Extension', '3', '15'], ['4. Single Leg Curl', '3', '12, 10, 8 Each'], ['5. Stiff Legged Deadlift', '3', '15'], ['6. Seated Calf Raise', '3', '15'], ['7. Standing Calf Raise', '3', '15']]}, {'title': 'Friday: Abs & Shoulders Workout', 'content': [[], ['1. Ab Crunch', '3', '15'], ['2. Hanging Leg Raises', '3', '15'], ['3. Bicycles', '3', '30 Secs'], ['4. Machine Overhead Press', '3', '12, 10, 8'], ['5. Single Arm Lateral Raise', '3', '12, 10, 8 Each'], ['6. Face Pull', '3', '15'], ['7. Cable Upright Row', '3', '15']]}, {'title': 'Saturday: Arm Workout', 'content': [[], ['1. Rope Pressdown', '3', '20, 15, 10'], ['2. Lying Triceps Extension', '4', '12, 10, 8, 6'], ['3. Single Arm Overhead Extension', '3', '15 Each'], ['4. Preacher Machine Curl', '3', '20, 15, 10'], ['5. EZ Bar Curl', '4', '12, 10, 8, 6'], ['6. Incline Dumbbell Curl', '3', '15']]}, {'title': 'Monday: Back Workout', 'content': [[], ['1. Close Grip Pull Down', '3', '20, 15, 10'], ['2a. T-Bar Row', '3', '12, 10, 8'], ['2b. Dumbbell Pull Over', '3', '12, 10, 8'], ['3a. Bent Over Dumbbell Row', '3', '15'], ['3b. Reverse Grip Pull Down', '3', '15'], ['3c. Hyperextensions', '3', '15']]}, {'title': 'Tuesday: Chest Workout', 'content': [[], ['1. Cable Crossover', '3', '20, 15, 10'], ['2a. Smith Machine Incline Bench', '3', '12, 10, 8'], ['2b. Incline Dumbbell Press', '3', '12, 10, 8'], ['3a. Flat Dumbbell Fly', '3', '15'], ['3b. Dumbbell Bench Press', '3', '15'], ['3c. Push Ups', '3', '15']]}, {'title': 'Thursday: Leg Workout', 'content': [[], ['1. Single Leg Press', '3', '20, 15, 10 Each'], ['2a. Goblet Squat', '3', '12, 10, 8'], ['2b. Leg Extension', '3', '12, 10, 8'], ['3a. Dumbbell Stiff Legged Deadlift', '3', '12, 10, 8'], ['3b. Lying Leg Curl', '3', '12, 10, 8'], ['4a. Leg Press Calf Raise', '3', '15'], ['4b. Seated Calf Raise', '3', '15']]}, {'title': 'Friday: Abs & Shoulders Workout', 'content': [[], ['1a. Decline Sit Up', '3', '12'], ['1b. Lying Leg Raise', '3', '12'], ['1c. Twisting Crunch', '3', '12'], ['2. Arnold Press', '3', '20, 15, 10'], ['3a. Front Raise', '3', '12, 10, 8'], ['3b. Lateral Raise', '3', '12, 10, 8'], ['3c. Rear Lateral Raise', '3', '12, 10, 8'], ['4. Dumbbell Shrug', '3', '15']]}, {'title': 'Saturday: Arm Workout', 'content': [[], ['1. Single Arm Pressdown', '3', '20, 15, 10 Each'], ['2a. Lying Tricep Extension', '3', '12, 10, 8'], ['2b.Neutral Grip Dumbbell Press', '3', '12, 10, 8'], ['2c. Diamond Push Up', '3', '12, 10, 8'], ['3. Single Arm Cable Curl', '3', '20, 15, 10 Each'], ['4a. Wide Grip Barbell Curl', '3', '12, 10, 8'], ['4b. Close Grip Barbell Curl', '3', '12, 10, 8'], ['4c. Hammer Curl', '3', '12, 10, 8'], ['5a. Cable Curl', '3', '15'], ['5c. Straight Bar Pressdown', '3', '15']]}]","{'Main Goal': 'Lose Fat', 'Workout Type': 'Split', 'Training Level': 'Intermediate', 'Program Duration': '12 weeks', 'Days Per Week': '5', 'Time Per Workout': '45-75 minutes', 'Equipment Required': 'Barbell, Bodyweight, Cables, Dumbbells, EZ Bar, Machines', 'Target Gender': 'Male', 'Recommended Supps': 'Muscle Infusion Protein\nOutlift Preworkout\nPostlift Postworkout\nLipo-6 Black Fat Burner', 'Workout PDF': 'Download Workout'}"
"Charles Glass' ""Beginner Essentials"" Bodybuilding Workout",https://www.muscleandstrength.com/workouts/fat-loss,https://www.muscleandstrength.com/workouts/charles-glass-beginners-essentials-bodybuilding-workout,"[{'title': 'Day 1: Charles Glass’s Beginner Shoulder Workout', 'content': [[], ['Dumbbell Lateral Raise', '3-4', '12-15'], ['Rear Delt Cable Fly', '3-4', '12-15'], ['Seated Dumbbell Press', '4-5', '10-12'], ['Upright Barbell Row', '3-4', '10-12'], ['Seated Machine Lateral Raise', '3', '15']]}, {'title': 'Day 2: Charles Glass’s Beginner Leg Workout', 'content': [[], ['Leg Press', '5', '10-15'], ['Machine Hack Squat', '3-5', '10-15'], ['Elevated Stiff Legged Deadlift', '3-4', '12-15'], ['Lying Leg Curls', '3', '12-15'], ['Seated Calf Raise', '4-5', '15-20']]}, {'title': 'Day 3: Charles Glass’s Beginner Chest Workout', 'content': [[], ['Barbell Bench Press', '3-4', '10-12'], ['Incline Bench Press', '3-4', '10-15'], ['Decline Bench Press', '4-5', '10-12'], ['Incline Dumbbell Fly', '3', '12-15'], ['Dumbbell Pullover', '3-4', '12-15']]}, {'title': 'Day 4: Charles Glass’s Beginner Back Workout', 'content': [[], ['Behind Neck Lat Pulldown', '3-4', '12-15'], ['Seated Cable Row', '3-4', '12-15'], ['Deadlift', '4-5', '8-12'], ['Hammer Strength Lat Pulldown', '3-4', '10-15'], ['Cable Face Pull', '3', '15']]}, {'title': 'Day 5: Charles Glass’s Beginner Arm Workout', 'content': [[], ['Tricep Cable Pushdown', '3-4', '12-15'], ['Alternating Dumbbell Curls', '3-4', '12-15 Each'], ['Barbell Curl', '4-5', '10-15'], ['Seated Overhead Cable Tricep Extension', '3-4', '12-15'], ['Wrist Curls', '3', '15'], ['Reverse Wrist Curls', '3', '15']]}, {'title': 'Optional Charles Glass Beginner Ab Workout', 'content': [[], ['Cable Crunch', '3-5', '15-20'], ['Ab Crunch Machine', '3-5', '20-25'], ['Russian Twist', '3-5', '15-20 Each']]}]","{'Main Goal': 'Lose Fat', 'Workout Type': 'Split', 'Training Level': 'Beginner', 'Program Duration': '12 weeks', 'Days Per Week': '5', 'Time Per Workout': '30-60 minutes', 'Equipment Required': 'Barbell, Bodyweight, Cables, Dumbbells, EZ Bar, Medicine Ball', 'Target Gender': 'Male & Female', 'Recommended Supps': 'Gold Standard Whey\nGold Standard Pre-Workout\nAmino Energy\nCreatine\nZMA\nGold Standard Casein', 'Workout PDF': 'Download Workout'}"
Mission: Aesthetics - 10 Week Defined & Shredded Workout,https://www.muscleandstrength.com/workouts/fat-loss,https://www.muscleandstrength.com/workouts/mission-aesthetics-10-week-fat-loss-workout,"[{'title': 'Day 1: Full Body Fat Loss Workout', 'content': [[], ['Deadlift', '4', '3'], ['Seated Cable Row', '3', '8'], ['Lat Pull Down', '3', '12'], ['Push Up', '3', '15'], ['Walking Bodyweight Lunges', '3', '15 Each']]}, {'title': 'Day 3: Upper Body Fat Loss Workout', 'content': [[], ['Seated Shoulder Press', '4', '6'], ['Incline Bench Press', '4', '6'], ['A1. Machine Lateral Raise', '3', '12'], ['A2. Machine Fly', '3', '12'], ['Rear Delt Fly', '3', '12'], ['Dumbbell Row', '3', '8']]}, {'title': 'Day 4: Lower Body Fat Loss Workout', 'content': [[], ['Barbell Squat', '4', '3'], ['Leg Press', '3', '10'], ['Dumbbell Stiff Leg Deadlift', '3', '8'], ['Leg Extension', '3', '15'], ['Leg Curl', '3', '15'], ['Calf Raise', '4', '20']]}, {'title': 'Day 6: Full Body Fat Loss Workout', 'content': [[], ['Back Squat', '4', '4'], ['Bent Over Row', '4', '4'], ['Machine Chest Press', '3', '10'], ['Dumbbell Lateral Raise', '3', '12'], ['A1. Dumbbell Curl', '3', '12'], ['A2. French Press', '3', '12'], ['B1. Preacher Curl', '3', '12'], ['B2. Tricep Push Up', '3', '12']]}]","{'Main Goal': 'Lose Fat', 'Workout Type': 'Split', 'Training Level': 'Intermediate', 'Program Duration': '10 weeks', 'Days Per Week': '4', 'Time Per Workout': '60-90 minutes', 'Equipment Required': 'Barbell, Bodyweight, Cables, Dumbbells, Machines', 'Target Gender': 'Male & Female', 'Recommended Supps': 'Protein Powder\nProtein Bars\nGreens Supplement', 'Workout PDF': 'Download Workout'}"
10 Week Fat Torcher: Fat Burning Program,https://www.muscleandstrength.com/workouts/fat-loss,https://www.muscleandstrength.com/workouts/10-week-fat-torcher,"[{'title': 'Day 1: Lower Body Workout', 'content': [[], ['Squat', '4', '8'], ['Romanian Deadlift', '4', '10-12'], ['A1. Leg Curl', '3', '10-15'], ['A2. Rear Lunge', '3', '10-15'], ['Lateral Lunge', '3', '12'], ['Calf Raise', '4', '15-20'], ['Crunch', '4', '20']]}, {'title': 'Day 2: Upper Body Workout', 'content': [[], ['One Arm Dumbbell Row', '4', '8 Each'], ['Incline Dumbbell Bench Press', '4', '8'], ['Pull Up', '3', '10-12'], ['Bench Press', '3', '10'], ['Lateral Raise', '5', '10-12'], ['Face Pull', '3', '15-20'], ['A1. EZ Bar Curl', '3', '10'], ['A2. French Press', '3', '10'], ['Lying Leg Raise', '4', '15-20']]}, {'title': 'Day 3: Lower Body Workout', 'content': [[], ['Front Squat', '4', '10-12'], ['Dumbbell Stiff Legged Deadlift', '4', '10-12'], ['Leg Press', '3', '20'], ['Split Squat Jump', '3', '8 Each'], ['A1. Leg Press Calf Raise', '3', '15'], ['A2. Donkey Calf Raise', '3', '15'], ['Crunch', '4', '20']]}, {'title': 'Day 4: Upper Body Workout', 'content': [[], ['A1. Lateral Raise', '4', '10'], ['A2. Front Raise', '4', '12'], ['A3. Rear Delt Raise', '4', '15'], ['Lat Pull Down', '5', '12, 10, 8, 6, 6'], ['Cable Row', '4', '12'], ['Smith Machine Row', '3', '10'], ['Push Up', '3', 'Failure'], ['Lying Leg Raise', '4', '15-20']]}, {'title': 'Day 5: Cardio & Abs', 'content': [[], ['Crunch', '4', '20'], ['Oblique Crunch', '4', '15 Each'], ['Lying Leg Raise', '4', '15'], ['Ab Bicycle', '4', '15 Each'], ['Plank', '5', '1 Min']]}, {'title': 'Day 6: Lower Body & Arms Workout', 'content': [[], ['Deadlift', '4', '6-8'], ['Goblet Squat', '4', '12-15'], ['Bodyweight Walking Lunge', '3', '15 Each'], ['Hyperextensions', '3', '15'], ['A1. Chin Up', '3', '8'], ['A2. Tricep Dip', '3', '8'], ['B1. Cable Hammer Curl', '3', '12'], ['B2. Rope Pressdown', '3', '12']]}, {'title': 'Day 7: Cardio & Abs', 'content': [[], ['Crunch', '4', '20'], ['Oblique Crunch', '4', '15 Each'], ['Lying Leg Raise', '4', '15'], ['Ab Bicycle', '4', '15 Each'], ['Plank', '5', '1 Min']]}]","{'Main Goal': 'Lose Fat', 'Workout Type': 'Split', 'Training Level': 'Intermediate', 'Program Duration': '10 weeks', 'Days Per Week': '7', 'Time Per Workout': '60-90 minutes', 'Equipment Required': 'Barbell, Bodyweight, Cables, Dumbbells, EZ Bar, Machines', 'Target Gender': 'Male & Female', 'Recommended Supps': 'Protein Powder\nProtein Bars\nPre-Workout (Optional)\nBCAAs (Optional)', 'Workout PDF': 'Download Workout'}"
Shredded by Summer: 8 Weeks to Your Best Body Ever,https://www.muscleandstrength.com/workouts/fat-loss,https://www.muscleandstrength.com/workouts/8-week-summer-shred,"[{'title': 'Low-Moderate Intensity Conditioning', 'content': [[], ['6-12', '12-18', '12, 14', '35', '30', '35'], ['13-19', '19-25', '10, 12', '30', '30', '40'], ['20+', '26+', '9, 10', '25', '35', '40']]}, {'title': 'Day 1', 'content': [[], ['1a. Box Jump', '3', '5', '-'], ['1b. Overhead Medicine Ball Slam', '3', '5', '1 min'], ['2a. Front Squat', '3', '5', '2 min'], ['2b. Bodyweight Supine Glute Bridge', '3', '10', '1 min'], ['3a. Push Press', '3', '5', '1 min'], ['3b. Band Pull Apart', '3', '10', '2min']]}, {'title': 'Day 2', 'content': [[], ['1. Dumbbell Hang Snatch', '3', '5', '90 secs'], ['2a. Barbell Explosive Bench Press', '5', '6', '30 secs'], ['2b. Stability Ball Forearm Plank', '5', '30 secs', '90 secs'], ['3a. Dumbbell Incline Press', '3', '6', '-'], ['3b. Dumbbell One Arm Row', '3', '8', '-'], ['3c. Goblet Reverse Lunges', '3', '8 each leg', '1 min'], ['4a. Dumbbell Single Leg RDL', '2', '8', '-'], ['4b. Feet Elevated Pushup', '2', 'failure', '-'], ['4c. Dumbbell Bicep Curl', '2', '15', '1 min']]}, {'title': 'Day 3', 'content': [[], ['1a. Clean', '3', '5', '-'], ['1b. Dumbbell Jump Squat', '3', '5', '3 min'], ['2. Trap Bar/Sumo Deadlift', '3', '5', '3 min'], ['3a. Dumbbell One Arm Overhead Press', '3', '6', '60-90 secs'], ['3b. Dumbbell Split Squat', '3', '8', '60-90 secs'], ['4. Dumbbell Farmers Walk', '4', '50', '1 min']]}, {'title': 'Day 4', 'content': [[], ['1a. Goblet Squat', '3', '8', '-'], ['1b. Dumbbell Stiff Leg Deadlift', '3', '8', '-'], ['1c. Dumbbell Bent-Over Row', '3', '8', '-'], ['1d. Dumbbell Press', '3', '8', '-'], ['1e. Dumbbell Curl to Press', '3', '8', '-'], ['1f. Dumbbell Goblet Lunge', '3', '8 each leg', '2min']]}, {'title': 'Day 1', 'content': [[], ['1a. Box Jump', '3', '5', '-'], ['1b. Overhead Medicine Ball Slam', '3', '5', '1 min'], ['2a. Front Squat', '3', '5', '2 min'], ['2b. Bodyweight Supine Glute Bridge', '3', '10', '1 min'], ['3a. Push Press', '3', '5', '1 min'], ['3b. Band Pull Apart', '3', '10', '2min']]}, {'title': 'Day 2', 'content': [[], ['1. Dumbbell Hang Snatch', '4', '4', '90 secs'], ['2a. Barbell Explosive Bench Press', '4', '4', '-'], ['2b. Stability Ball Forearm Plank', '4', '45 secs', '2 min'], ['3a. Dumbbell Incline Press', '3', '6', '-'], ['3b. Dumbbell One Arm Row', '3', '8', '-'], ['3c. Goblet Reverse Lunges', '3', '8 each leg', '1 min'], ['4a. Dumbbell Single Leg RDL', '2', '8', '-'], ['4b. Feet Elevated Pushup', '2', 'failure', '-'], ['4c. Dumbbell Bicep Curl', '2', '15', '1 min']]}, {'title': 'Day 3', 'content': [[], ['1a. Clean', '4', '4', '-'], ['1b. Dumbbell Jump Squat', '4', '4', '3 min'], ['2. Trap Bar/Sumo Deadlift', '4', '4', '3 min'], ['3a. Dumbbell One Arm Overhead Press', '3', '8', '60-90 secs'], ['3b. Dumbbell Offset Split Squat', '3', '10', '60-90 secs'], ['4. Dumbbell Farmers Walk', '4', '60', '1 min']]}, {'title': 'Day 4', 'content': [[], ['1a. Goblet Squat', '3', '8', '-'], ['1b. Dumbbell Stiff Leg Deadlift', '3', '8', '-'], ['1c. Dumbbell Bent-Over Row', '3', '8', '-'], ['1d. Dumbbell Press', '3', '8', '-'], ['1e. Dumbbell Curl to Press', '3', '8', '-'], ['1f. Dumbbell Goblet Lunge', '3', '8 each leg', '2min']]}, {'title': 'Day 1', 'content': [[], ['1a. Box Jump', '4', '3', '-'], ['1b. Overhead Medicine Ball Slam', '4', '3', '1 min'], ['2. Front Squat', '4', '3', '3 min'], ['3a. Push Press', '5', '3', '1 min'], ['3b. Band Pull Apart', '5', '10', '2min']]}, {'title': 'Day 2', 'content': [[], ['1. Dumbbell Hang Snatch', '5', '3', '90 secs'], ['2a. Barbell Explosive Bench Press', '5', '3', '-'], ['2b. Stability Ball Forearm Plank', '4', '45 secs', '2 min'], ['3a. Dumbbell Incline Press', '3', '6', '-'], ['3b. Dumbbell One Arm Row', '3', '8', '-'], ['3c. Goblet Reverse Lunges', '3', '8 each leg', '1 min'], ['4a. Dumbbell Single Leg RDL', '2', '8', '-'], ['4b. Feet Elevated Pushup', '2', 'failure', '-'], ['4c. Dumbbell Bicep Curl', '2', '15', '1 min']]}, {'title': 'Day 3', 'content': [[], ['1a. Clean', '4', '3', '-'], ['1b. Dumbbell Jump Squat', '4', '3', '3 min'], ['2. Trap Bar/Sumo Deadlift', '4', '3', '3 min'], ['3a. Dumbbell One Arm Overhead Press', '3', '10', '60-90 secs'], ['3b. Dumbbell Offset Split Squat', '3', '12 each side', '60-90 secs'], ['4. Dumbbell Farmers Walk', '4', '75', '1 min']]}, {'title': 'Day 4', 'content': [[], ['1a. Goblet Squat', '4', '6', '-'], ['1b. Dumbbell Stiff Leg Deadlift', '4', '6', '-'], ['1c. Dumbbell Bent-Over Row', '4', '6', '-'], ['1d. Dumbbell Press', '4', '6', '-'], ['1e. Dumbbell Curl to Press', '4', '6', '-'], ['1f. Dumbbell Goblet Lunge', '4', '6 each leg', '90 secs']]}, {'title': 'Day 1', 'content': [[], ['1a. Box Jump', '3', '3', '-'], ['1b. Overhead Medicine Ball Slam', '3', '3', '1 min'], ['2. Front Squat', '4', '6', '2 min'], ['3a. Push Press', '4', '6', '90 secs'], ['3b. Cable Face Pulls', '4', '12', '2min']]}, {'title': 'Day 2', 'content': [[], ['1. Dumbbell One Arm Snatch', '4', '6', '90 secs'], ['2. Close Grip Bench Press', '5', '5', '90-120 secs'], ['3a. Dumbbell Incline Press', '3', '6, 8 ,10', '-'], ['3b. Dumbbell One Arm Row', '3', '8, 10, 12', '-'], ['3c. Goblet Walking Lunge', '3', '8, 10, 12', '60-90 secs'], ['4a. Dumbbell Lateral Raise', '3', '12', '-'], ['4b. Feet Elevated Pushup', '3', 'failure', '-'], ['4c. Dumbbell Hammer Curl', '3', '15', '1 min']]}, {'title': 'Day 3', 'content': [[], ['1a. Clean', '4', '5', '90 secs'], ['2. Trap Bar/Sumo Deadlift', '4', '6', '3 min'], ['3a. Kneeling Dumbbell Overhead Press', '3', '12', '60-90 secs'], ['3b. Dumbbell Offset Split Squat', '3', '12 each side', '60-90 secs'], ['4. Dumbbell Farmers Walk', '4', '75', '1 min']]}, {'title': 'Day 4', 'content': [[], ['1a. Goblet Squat', '4', '6', '-'], ['1b. Dumbbell Stiff Leg Deadlift', '4', '6', '-'], ['1c. Dumbbell Bent-Over Row', '4', '6', '-'], ['1d. Dumbbell Press', '4', '6', '-'], ['1e. Dumbbell Curl to Press', '4', '6', '-'], ['1f. Dumbbell Goblet Lunge', '4', '6 each leg', '90 secs']]}]","{'Main Goal': 'Lose Fat', 'Workout Type': 'Split', 'Training Level': 'Intermediate', 'Program Duration': '8 weeks', 'Days Per Week': '3', 'Time Per Workout': '30-45 minutes', 'Equipment Required': 'Bands, Barbell, Cables, Kettle Bells, Medicine Ball', 'Target Gender': 'Male & Female', 'Workout PDF': 'Download Workout'}"
Get Shredded For The New Year: 21-Day Fat Loss Workout,https://www.muscleandstrength.com/workouts/fat-loss,https://www.muscleandstrength.com/workouts/shredded-21-day-fat-loss,"[{'title': 'Monday: 21 Day New Year Shred', 'content': [[], ['1. Deadlift', '5', '5'], ['2. Circuit A', '5 Rounds'], ['a. Front Squat', '5', '5'], ['b. Med Ball Thruster Throws', '5', '10'], ['c. Med Ball Slams', '5', '10'], ['d. Treadmill Walk. 3mph @ 10% incline', '5', '2 minutes'], ['3. Circuit B', '3 Rounds'], ['a. Hamstring Bridge', '3', '5 (each side)'], ['b. Glute Bridge', '3', '10 (w/ 3 sec hold at top)'], ['4. Plank (switch positions as needed)', '1', '6 min']]}, {'title': 'Tuesday: 21 Day New Year Shred', 'content': [[], ['1. Superset', '7 Sets'], ['a. Dumbbell Chest Press', '2, 5', '10, 5'], ['b. T-Bar Row', '2, 5', '10, 5'], ['2. Circuit', '5 Rounds'], ['a. Close Grip Barbell Bench Press', '5', '5'], ['b. Wide Grip Lat Pull Downs', '5', '5'], ['c. Wide Grip Bench Press', '5', '8'], ['d. Underhand Lat Pull Downs', '5', '8'], ['e. Bike or Airdyne', '5', '3 min (sprint last 15 sec of each min)'], ['3. Bike', '12 min', '1 min light, 1 min medium, 1 min heavy resistance']]}, {'title': 'Wednesday: 21 Day New Year Shred', 'content': [[], ['a. Barbell Rollout or Ab Wheel', '12 reps'], ['b. Stability Alternates', '10 reps (each side)'], ['c. Hip Dips', '10 reps on bench (each side)'], ['d. Barbell Crunches', '20 Reps'], ['e. Rest', '1 Minute']]}, {'title': 'Thursday: 21 Day New Year Shred', 'content': [[], ['1. Dumbbell Shoulder Iso-Press', '1x10, 1x8, 3x5, 1x3'], ['2. Circuit', '5 Rounds'], ['a. Shoulder Flys', '5x10'], ['b. Jump Rope', '5x1 minute'], ['c. Front Raises', '5x10'], ['d. Jump Rope', '5x1 minute'], ['e. Rear Delt Flys', '5x10'], ['f. Jump Rope', '5x1 minute'], ['g. Barbell Shrugs', '5x10'], ['h. Jump Rope', '5x1 minute']]}, {'title': 'Friday: 21 Day New Year Shred', 'content': [[], ['1. Squat', '1x10, 3x5, 3x3'], ['2. Triset', '3 Sets'], ['a. Split Squats', '4 reps, each leg'], ['b. Jump Lunges', '5 reps, each side'], ['c. Bike', '2 minutes'], ['3. Core Circuit', '3 Rounds'], ['a. Walk Outs', '20*'], ['b. Treadmill Speed Walk (15% Incline)', '1 Minute'], ['c. Pikes', '20*'], ['d. Treadmill Speed Walk (15% Incline)', '1 Minute'], ['e. Ab Wheel or Barbell Rollout', '20*'], ['f. Treadmill Speed Walk (15% Incline)', '1 Minute'], ['*decrease core reps by 5 each round']]}, {'title': 'Saturday: 21 Day New Year Shred', 'content': [[], ['a. Underhand Chin Ups', 'Max Reps'], ['b. Dips', 'Max Reps'], ['c. Barbell Curls', '5'], ['d. Dumbbell Skullcrushers', '5'], ['e. Dumbbell Curls w/ ¼ rep at top', '10'], ['f. Tricep Push Downs', '10'], ['g. Jog', '.25 mile (400m)']]}]","{'Main Goal': 'Lose Fat', 'Workout Type': 'Full Body', 'Training Level': 'Beginner', 'Program Duration': '3 weeks', 'Days Per Week': '7', 'Time Per Workout': '45-60 minutes', 'Equipment Required': 'Barbell, Cables, Dumbbells, Medicine Ball, Other', 'Target Gender': 'Male & Female', 'Workout PDF': 'Download Workout'}"
The Cardio-Free Fat Burning Workout Program,https://www.muscleandstrength.com/workouts/fat-loss,https://www.muscleandstrength.com/workouts/the-cardio-free-fat-burning-workout-program,"[{'title': 'Workout A: The Fast and Furious Body Fat Burner', 'content': [[], ['Barbell Squats', '3', '13-15'], ['Alternating Barbell Lunge', '3', '13-15'], ['Stiff Leg Deadlift', '3', '13-15'], ['Burpees', '3', '13-15'], ['Underhand Grip Barbell Bent Row', '3', '10-12'], ['Close Grip Push Ups', '3', '10-12'], ['Standing Military Press', '3', '10-12'], ['Close Underhand Grip Pull Up', '2', 'Max Reps'], ['Bicycle Crunch', '3', '16-20 Each']]}, {'title': 'Workout B: The Lower Body/Upper Body Superset Scorcher', 'content': [[], ['A1. Hack Squats', '3', '13-15'], ['A2. Push Ups', '3', '10-12'], ['B1. Leg Press', '3', '12-15'], ['B2. Wide Grip Pull Up', '3', '10-12'], ['C1. Long Jumps', '3', '13-15'], ['C2. Seated Dumbbell Press', '3', '10-12'], ['D1. Good Morning', '2', '12-15'], ['D2. Standing Alternating Dumbbell Curl', '2', '10-12'], ['E1. Standing Broomstick Twists', '3', '21-25 Each'], ['E2. Bench Dips', '3', '10-12']]}, {'title': 'Workout C: The Fat Incinerator Circuit', 'content': [[], ['Deadlift', '3 Rounds', '12-15'], ['Incline Dumbbell Press', '-', '10-12'], ['Box Jumps', '-', '13-15'], ['One Arm Dumbbell Row', '-', '10-12'], ['Walking Lunge', '-', '13-15 Each'], ['Wide Grip Barbell Upright Row', '-', '10-12'], ['Lying Leg Curl', '-', '12-15'], ['Skullcrusher', '-', '10-12'], ['Hanging Straight Leg Raise', '-', '16-20'], ['V Handle Grip Pull Up', '-', 'Max Reps']]}]","{'Main Goal': 'Lose Fat', 'Workout Type': 'Full Body', 'Training Level': 'Intermediate', 'Program Duration': '3 weeks', 'Days Per Week': '4', 'Time Per Workout': '30-60 minutes', 'Equipment Required': 'Barbell, Bodyweight, Dumbbells, Machines, Other', 'Target Gender': 'Male & Female', 'Recommended Supps': 'ALLWHEY CLASSIC\nAMINOCUTS', 'Workout PDF': 'Download Workout'}"
4 Week “V Cuts Abs” Workout Routine,https://www.muscleandstrength.com/workouts/fat-loss,https://www.muscleandstrength.com/workouts/4-week-v-cuts-abs-workout,"[{'title': 'Monday: Upper & V Cut Abs Workout', 'content': [[], ['Standing Dumbbell Press', '4', '8'], ['One Arm Dumbbell Row', '4', '12'], ['Cable Row', '3', '10'], ['Barbell Bench Press', '4', '8'], ['EZ Bar Curl', '2', '12'], ['Tricep Rope Extension', '2', '12'], ['Hanging Leg Raise', '4', '10'], ['Flutter Kicks', '3', '20 Each'], ['Bicycle Crunch', '3', '12 Each'], ['Plank', '3', '45 Secs']]}, {'title': 'Tuesday: Lower & V Cut Abs Workout', 'content': [[], ['Front Squat', '4', '8'], ['Leg Press', '3', '12'], ['Romanian Deadlift', '4', '8'], ['Seated Leg Curl', '3', '12'], ['Standing Calf Raise', '3', '20'], ['Leg Press Calf Raise', '3', '12'], ['Reverse Crunch', '3', '20'], ['Scissor Crosses', '3', '15 Each'], ['Oblique Crunch', '3', '12 Each'], ['Decline Crunch', '3', '10']]}, {'title': 'Thursday: Upper & V Cut Abs Workout', 'content': [[], ['Dumbbell Incline Bench Press', '4', '8'], ['Dumbbell Lateral Raise', '3', '12'], ['Pull Up', '4', '8'], ['Bent Over Row', '3', '10'], ['Cable Face Pull', '3', '12'], ['Dumbbell Shrug', '3', '15'], ['Lying Leg Raises', '4', '15'], ['Mountain Climbers', '3', '20 Each'], ['Side Plank', '3', '30 Secs Each'], ['Dead Bugs', '3', '12 Each']]}, {'title': 'Friday: Lower & V Cut Abs Workout', 'content': [[], ['Back Squat', '4', '8'], ['Hack Squat', '3', '12'], ['Leg Extension', '3', '10'], ['Dumbbell Stiff Leg Deadlift', '4', '8'], ['Leg Curl', '3', '12'], ['Standing Calf Raise', '4', '20'], ['Decline Bench Leg Raise', '3', '15'], ['Straight Leg Toe Touch', '3', '12'], ['Russian Twists', '3', '12 Each'], ['Ab Crunch', '3', '15']]}]","{'Main Goal': 'Lose Fat', 'Workout Type': 'Split', 'Training Level': 'Intermediate', 'Program Duration': '4 weeks', 'Days Per Week': '4', 'Time Per Workout': '60-75 minutes', 'Equipment Required': 'Barbell, Bodyweight, Cables, Dumbbells, EZ Bar, Exercise Ball, Machines', 'Target Gender': 'Male & Female', 'Recommended Supps': 'Protein Powder\nGreens Product\nSleep Enhancers', 'Workout PDF': 'Download Workout'}"
The Calorie Destroyer: 12 Week Full Body HIIT Workout and Meal Plan,https://www.muscleandstrength.com/workouts/fat-loss,https://www.muscleandstrength.com/workouts/calorie-destroyer-12-week-hiit-workout,"[{'title': '12 Week Full Body HIIT Workout', 'content': [[], ['Dumbbell Pullover on the Floor or Bench', '3', 'AMRAP 30-60s'], ['Push Ups', '3', 'AMRAP 30-60s'], ['Squat Jumps', '3', 'AMRAP 30-60s'], ['Kettlebell Swings', '3', 'AMRAP 30-60s'], ['Mountain Climbers', '3', 'AMRAP 30-60s'], ['Burpees', '3', 'AMRAP 30-60s'], ['Dumbbell Farmers Carry', '3', 'AMRAP 30-60s']]}]","{'Main Goal': 'Lose Fat', 'Workout Type': 'Full Body', 'Training Level': 'Beginner', 'Program Duration': '12 weeks', 'Days Per Week': '3', 'Time Per Workout': '35-40 minutes', 'Equipment Required': 'Bodyweight, Dumbbells, Kettle Bells', 'Target Gender': 'Male & Female', 'Recommended Supps': 'Whey Protein\nMultivitamin\nFish Oil\nFat Burner (optional)', 'Workout PDF': 'Download Workout'}"
